t,x,y
0.0,0.41772151898840093,0.0048484848480256915
1.0,0.41772151898840093,0.002424242423785472
2.0,0.4219409282632114,0.0
3.0,0.4219409282632114,0.0
4.0,0.4219409282632114,0.0
5.0,0.4219409282632114,0.0
6.0,0.4261603375598497,0.0
7.0,0.4261603375598497,0.0
8.0,0.4261603375598497,0.0
9.0,0.4261603375598497,0.0
10.0,0.4261603375598497,0.0
11.0,0.4261603375598497,0.0
12.0,0.4261603375598497,0.0
13.0,0.4261603375598497,0.0
14.0,0.4261603375598497,0.0
15.0,0.4261603375598497,0.0
16.0,0.4261603375598497,0.0
17.0,0.4261603375598497,0.0012121212116653624
18.0,0.4261603375598497,0.0012121212116653624
19.0,0.4261603375598497,0.0012121212116653624
20.0,0.4261603375598497,0.0012121212116653624
21.0,0.4261603375598497,0.0012121212116653624
22.0,0.4261603375598497,0.0012121212116653624
23.0,0.4261603375598497,0.0012121212116653624
24.0,0.4261603375598497,0.0012121212116653624
25.0,0.4303797468346602,0.0012121212116653624
26.0,0.4303797468346602,0.0012121212116653624
27.0,0.4303797468346602,0.0012121212116653624
28.0,0.4303797468346602,0.0012121212116653624
29.0,0.4303797468346602,0.0012121212116653624
30.0,0.4303797468346602,0.0012121212116653624
31.0,0.4303797468346602,0.0012121212116653624
32.0,0.4303797468346602,0.0012121212116653624
33.0,0.4303797468346602,0.0012121212116653624
34.0,0.4303797468346602,0.0012121212116653624
35.0,0.4303797468346602,0.0012121212116653624
36.0,0.4303797468346602,0.0012121212116653624
37.0,0.4303797468346602,0.0012121212116653624
38.0,0.4303797468346602,0.0012121212116653624
39.0,0.4303797468346602,0.0012121212116653624
40.0,0.4303797468346602,0.0012121212116653624
41.0,0.4303797468346602,0.0012121212116653624
42.0,0.4303797468346602,0.0012121212116653624
43.0,0.4345991561203846,0.0012121212116653624
44.0,0.4345991561203846,0.0012121212116653624
45.0,0.4345991561203846,0.0012121212116653624
46.0,0.4345991561203846,0.0012121212116653624
47.0,0.4345991561203846,0.0012121212116653624
48.0,0.4345991561203846,0.0012121212116653624
49.0,0.4345991561203846,0.0012121212116653624
50.0,0.4345991561203846,0.0012121212116653624
51.0,0.4345991561203846,0.0012121212116653624
52.0,0.4345991561203846,0.0012121212116653624
53.0,0.4345991561203846,0.002424242423785472
54.0,0.4345991561203846,0.002424242423785472
55.0,0.4345991561203846,0.002424242423785472
56.0,0.4345991561203846,0.002424242423785472
57.0,0.4345991561203846,0.002424242423785472
58.0,0.4345991561203846,0.002424242423785472
59.0,0.4345991561203846,0.002424242423785472
60.0,0.4345991561203846,0.002424242423785472
61.0,0.438818565402471,0.002424242423785472
62.0,0.438818565402471,0.002424242423785472
63.0,0.438818565402471,0.002424242423785472
64.0,0.438818565402471,0.002424242423785472
65.0,0.438818565402471,0.002424242423785472
66.0,0.438818565402471,0.002424242423785472
67.0,0.438818565402471,0.002424242423785472
68.0,0.438818565402471,0.002424242423785472
69.0,0.438818565402471,0.002424242423785472
70.0,0.438818565402471,0.002424242423785472
71.0,0.438818565402471,0.002424242423785472
72.0,0.438818565402471,0.002424242423785472
73.0,0.438818565402471,0.002424242423785472
74.0,0.438818565402471,0.002424242423785472
75.0,0.438818565402471,0.002424242423785472
76.0,0.438818565402471,0.002424242423785472
77.0,0.438818565402471,0.002424242423785472
78.0,0.438818565402471,0.002424242423785472
79.0,0.44303797467728145,0.002424242423785472
80.0,0.44303797467728145,0.002424242423785472
81.0,0.44303797467728145,0.002424242423785472
82.0,0.44303797467728145,0.002424242423785472
83.0,0.44303797467728145,0.002424242423785472
84.0,0.44303797467728145,0.002424242423785472
85.0,0.44303797467728145,0.002424242423785472
86.0,0.44303797467728145,0.002424242423785472
87.0,0.44303797467728145,0.002424242423785472
88.0,0.44303797467728145,0.002424242423785472
89.0,0.44303797467728145,0.0036363636359055818
90.0,0.44303797467728145,0.0036363636359055818
91.0,0.44303797467728145,0.0036363636359055818
92.0,0.44303797467728145,0.0036363636359055818
93.0,0.44303797467728145,0.0036363636359055818
94.0,0.44303797467728145,0.0036363636359055818
95.0,0.44303797467728145,0.0036363636359055818
96.0,0.44303797467728145,0.0036363636359055818
97.0,0.44303797467728145,0.0036363636359055818
98.0,0.44725738397755777,0.0036363636359055818
99.0,0.44725738397755777,0.0036363636359055818
100.0,0.44725738397755777,0.0036363636359055818
101.0,0.44725738397755777,0.0036363636359055818
102.0,0.44725738397755777,0.0036363636359055818
103.0,0.44725738397755777,0.0036363636359055818
104.0,0.44725738397755777,0.0036363636359055818
105.0,0.44725738397755777,0.0036363636359055818
106.0,0.44725738397755777,0.0036363636359055818
107.0,0.44725738397755777,0.0036363636359055818
108.0,0.44725738397755777,0.0036363636359055818
109.0,0.44725738397755777,0.0036363636359055818
110.0,0.44725738397755777,0.0036363636359055818
111.0,0.44725738397755777,0.0036363636359055818
112.0,0.44725738397755777,0.0036363636359055818
113.0,0.44725738397755777,0.0036363636359055818
114.0,0.44725738397755777,0.0036363636359055818
115.0,0.44725738397755777,0.0036363636359055818
116.0,0.45147679324873025,0.0036363636359055818
117.0,0.45147679324873025,0.0036363636359055818
118.0,0.45147679324873025,0.0036363636359055818
119.0,0.45147679324873025,0.0036363636359055818
120.0,0.45147679324873025,0.0036363636359055818
121.0,0.45147679324873025,0.0036363636359055818
122.0,0.45147679324873025,0.0036363636359055818
123.0,0.45147679324873025,0.0036363636359055818
124.0,0.45147679324873025,0.0036363636359055818
125.0,0.45147679324873025,0.0048484848480256915
126.0,0.45147679324873025,0.0048484848480256915
127.0,0.45147679324873025,0.0048484848480256915
128.0,0.45147679324873025,0.0048484848480256915
129.0,0.45147679324873025,0.0048484848480256915
130.0,0.45147679324873025,0.0048484848480256915
131.0,0.45147679324873025,0.0048484848480256915
132.0,0.45147679324873025,0.0048484848480256915
133.0,0.45147679324873025,0.0048484848480256915
134.0,0.45569620253445464,0.0048484848480256915
135.0,0.45569620253445464,0.0048484848480256915
136.0,0.45569620253445464,0.0048484848480256915
137.0,0.45569620253445464,0.0048484848480256915
138.0,0.45569620253445464,0.0048484848480256915
139.0,0.45569620253445464,0.0048484848480256915
140.0,0.45569620253445464,0.0048484848480256915
141.0,0.45569620253445464,0.0048484848480256915
142.0,0.45569620253445464,0.0048484848480256915
143.0,0.45569620253445464,0.0048484848480256915
144.0,0.45569620253445464,0.0048484848480256915
145.0,0.45569620253445464,0.0048484848480256915
146.0,0.45569620253445464,0.0048484848480256915
147.0,0.45569620253445464,0.0048484848480256915
148.0,0.45569620253445464,0.0048484848480256915
149.0,0.45569620253445464,0.0048484848480256915
150.0,0.45569620253445464,0.0048484848480256915
151.0,0.45569620253445464,0.0048484848480256915
152.0,0.45991561182017904,0.0048484848480256915
153.0,0.45991561182017904,0.0048484848480256915
154.0,0.45991561182017904,0.0048484848480256915
155.0,0.45991561182017904,0.0048484848480256915
156.0,0.45991561182017904,0.0048484848480256915
157.0,0.45991561182017904,0.0048484848480256915
158.0,0.45991561182017904,0.0048484848480256915
159.0,0.45991561182017904,0.0048484848480256915
160.0,0.45991561182017904,0.0048484848480256915
161.0,0.45991561182017904,0.006060606060145801
162.0,0.45991561182017904,0.006060606060145801
163.0,0.45991561182017904,0.006060606060145801
164.0,0.45991561182017904,0.006060606060145801
165.0,0.45991561182017904,0.006060606060145801
166.0,0.45991561182017904,0.006060606060145801
167.0,0.45991561182017904,0.006060606060145801
168.0,0.45991561182017904,0.006060606060145801
169.0,0.45991561182017904,0.006060606060145801
170.0,0.45991561182017904,0.006060606060145801
171.0,0.4641350210913515,0.006060606060145801
172.0,0.4641350210913515,0.006060606060145801
173.0,0.4641350210913515,0.006060606060145801
174.0,0.4641350210913515,0.006060606060145801
175.0,0.4641350210913515,0.006060606060145801
176.0,0.4641350210913515,0.006060606060145801
177.0,0.4641350210913515,0.006060606060145801
178.0,0.4641350210913515,0.006060606060145801
179.0,0.4641350210913515,0.006060606060145801
180.0,0.4641350210913515,0.006060606060145801
181.0,0.4641350210913515,0.006060606060145801
182.0,0.4641350210913515,0.006060606060145801
183.0,0.46835443039162783,0.006060606060145801
184.0,0.46835443039162783,0.006060606060145801
185.0,0.4725738396628003,0.006060606060145801
186.0,0.4725738396628003,0.006060606060145801
187.0,0.4767932489485247,0.006060606060145801
188.0,0.4767932489485247,0.006060606060145801
189.0,0.4810126582196972,0.006060606060145801
190.0,0.4810126582196972,0.007272727272265911
191.0,0.4810126582196972,0.00848484848438602
192.0,0.4810126582196972,0.010909090909080987
193.0,0.4810126582196972,0.012121212121201097
194.0,0.4810126582196972,0.012121212121201097
195.0,0.4810126582196972,0.012121212121201097
196.0,0.48523206750905956,0.012121212121201097
197.0,0.4810126582196972,0.01333333333286646
198.0,0.4810126582196972,0.01333333333286646
199.0,0.4810126582196972,0.01333333333286646
200.0,0.4810126582196972,0.012121212121201097
201.0,0.4810126582196972,0.012121212121201097
202.0,0.4810126582196972,0.01333333333286646
203.0,0.4810126582196972,0.01333333333286646
204.0,0.4810126582196972,0.01333333333286646
205.0,0.4810126582196972,0.01333333333286646
206.0,0.4810126582196972,0.01333333333286646
207.0,0.48523206750905956,0.01333333333286646
208.0,0.48523206750905956,0.014545454544986569
209.0,0.48523206750905956,0.014545454544986569
210.0,0.48523206750905956,0.014545454544986569
211.0,0.48523206750905956,0.014545454544986569
212.0,0.48523206750905956,0.014545454544986569
213.0,0.48523206750905956,0.014545454544986569
214.0,0.48523206750905956,0.014545454544986569
215.0,0.48523206750905956,0.01575757575710668
216.0,0.48523206750905956,0.01696969696922679
217.0,0.48523206750905956,0.01696969696922679
218.0,0.48523206750905956,0.01696969696922679
219.0,0.48523206750905956,0.01696969696922679
220.0,0.48523206750905956,0.01696969696922679
221.0,0.48523206750905956,0.01696969696922679
222.0,0.48523206750905956,0.01696969696922679
223.0,0.48523206750905956,0.01696969696922679
224.0,0.4894514768056979,0.01696969696922679
225.0,0.4894514768056979,0.01696969696922679
226.0,0.4894514768056979,0.01696969696922679
227.0,0.4894514768056979,0.01696969696922679
228.0,0.4894514768056979,0.01696969696922679
229.0,0.4894514768056979,0.01575757575710668
230.0,0.48523206750905956,0.014545454544986569
231.0,0.48523206750905956,0.014545454544986569
232.0,0.48523206750905956,0.01333333333286646
233.0,0.48523206750905956,0.012121212121201097
234.0,0.4894514768056979,0.010909090909080987
235.0,0.4894514768056979,0.00848484848438602
236.0,0.49367088608050835,0.010909090909080987
237.0,0.49367088608050835,0.00848484848438602
238.0,0.49367088608050835,0.007272727272265911
239.0,0.49789029536259477,0.006060606060145801
240.0,0.49789029536259477,0.00848484848438602
241.0,0.49789029536259477,0.010909090909080987
242.0,0.5021097046337673,0.014545454544986569
243.0,0.5021097046337673,0.01696969696922679
244.0,0.5063291139231296,0.020606060605587118
245.0,0.510548523208854,0.021818181818161975
246.0,0.510548523208854,0.024242424242402194
247.0,0.5147679324945784,0.025454545454067556
248.0,0.5189873417693889,0.026666666666187666
249.0,0.5232067510551133,0.026666666666187666
250.0,0.5274261603408377,0.027878787878307776
251.0,0.5316455696229241,0.027878787878307776
252.0,0.5358649789086485,0.030303030302547995
253.0,0.5400843881834589,0.031515151514668105
254.0,0.5443037974691833,0.031515151514668105
255.0,0.5485232067549077,0.036363636363148544
256.0,0.5527426160369941,0.03878787878738876
257.0,0.5569620253227185,0.04121212121162898
258.0,0.561181434601167,0.0436363636358692
259.0,0.5654008438832534,0.04484848484844406
260.0,0.5696202531689778,0.04727272727268428
261.0,0.5738396624510642,0.04848484848434964
262.0,0.5780590717404266,0.05090909090858986
263.0,0.582278481015237,0.05333333333283008
264.0,0.5864978902973235,0.055757575757525046
265.0,0.590717299568496,0.058181818181765266
266.0,0.590717299568496,0.06181818181767085
267.0,0.5949367088651343,0.06303030302979096
268.0,0.5991561181544967,0.06666666666615129
269.0,0.5991561181544967,0.07151515151463173
270.0,0.6033755274293071,0.07515151515099205
271.0,0.6033755274293071,0.07999999999992724
272.0,0.6075949367113935,0.08484848484795293
273.0,0.6075949367113935,0.08848484848431326
274.0,0.611814345982566,0.09333333333233895
275.0,0.611814345982566,0.09818181818127414
276.0,0.611814345982566,0.10181818181808922
277.0,0.6160337552864803,0.10545454545444954
278.0,0.6160337552864803,0.11030303030247524
279.0,0.6160337552864803,0.11393939393929031
280.0,0.6160337552864803,0.11636363636353053
281.0,0.6160337552864803,0.11999999999943611
282.0,0.6202531645576528,0.12242424242367633
283.0,0.6202531645576528,0.1260606060604914
284.0,0.6202531645576528,0.12848484848473163
285.0,0.6202531645576528,0.129696969696397
286.0,0.6202531645576528,0.13333333333275732
287.0,0.6202531645576528,0.1381818181816925
288.0,0.6202531645576528,0.1430303030297182
289.0,0.6202531645576528,0.14545454545395842
290.0,0.6160337552864803,0.1490909090907735
291.0,0.6160337552864803,0.15272727272667908
292.0,0.6160337552864803,0.1551515151509193
293.0,0.611814345982566,0.15757575757515951
294.0,0.611814345982566,0.15999999999985448
295.0,0.6075949367113935,0.1636363636362148
296.0,0.6075949367113935,0.16606060606000028
297.0,0.6075949367113935,0.1684848484842405
298.0,0.6075949367113935,0.17090909090893547
299.0,0.6033755274293071,0.1733333333331757
300.0,0.6033755274293071,0.17575757575696116
301.0,0.5991561181544967,0.17818181818120138
302.0,0.5991561181544967,0.17818181818120138
303.0,0.5949367088651343,0.1793939393933215
304.0,0.590717299568496,0.18181818181801646
305.0,0.5864978902973235,0.18424242424134718
306.0,0.582278481015237,0.1866666666664969
307.0,0.582278481015237,0.1866666666664969
308.0,0.5864978902973235,0.1866666666664969
309.0,0.5864978902973235,0.1866666666664969
310.0,0.5864978902973235,0.1866666666664969
311.0,0.5864978902973235,0.1866666666664969
312.0,0.5864978902973235,0.1866666666664969
313.0,0.5864978902973235,0.18545454545437678
314.0,0.582278481015237,0.18545454545437678
315.0,0.582278481015237,0.18545454545437678
316.0,0.5780590717404266,0.18545454545437678
317.0,0.5780590717404266,0.18545454545437678
318.0,0.5738396624510642,0.18545454545437678
319.0,0.5738396624510642,0.1866666666664969
320.0,0.5696202531689778,0.1866666666664969
321.0,0.5696202531689778,0.18787878787816226
322.0,0.5654008438832534,0.18787878787816226
323.0,0.561181434601167,0.18909090909028237
324.0,0.561181434601167,0.18909090909028237
325.0,0.5569620253227185,0.18909090909028237
326.0,0.5527426160369941,0.18909090909028237
327.0,0.5527426160369941,0.19030303030240248
328.0,0.5485232067549077,0.19030303030240248
329.0,0.5443037974691833,0.19030303030240248
330.0,0.5400843881834589,0.19030303030240248
331.0,0.5400843881834589,0.19030303030240248
332.0,0.5358649789086485,0.19030303030240248
333.0,0.5316455696229241,0.19030303030240248
334.0,0.5274261603408377,0.19030303030240248
335.0,0.5274261603408377,0.19151515151452259
336.0,0.5232067510551133,0.19151515151452259
337.0,0.5189873417693889,0.19272727272709744
338.0,0.5147679324945784,0.19393939393921755
339.0,0.5147679324945784,0.19515151515133766
340.0,0.510548523208854,0.19636363636345777
341.0,0.5063291139231296,0.19757575757557788
342.0,0.5021097046337673,0.198787878787698
343.0,0.49789029536259477,0.19999999999936335
344.0,0.49367088608050835,0.20121212121148346
345.0,0.4894514768056979,0.20242424242360357
346.0,0.4894514768056979,0.20242424242360357
347.0,0.48523206750905956,0.20363636363617843
348.0,0.4810126582196972,0.20484848484829854
349.0,0.4767932489485247,0.20606060606041865
350.0,0.4725738396628003,0.20848484848465887
351.0,0.46835443039162783,0.20969696969677898
352.0,0.4641350210913515,0.21212121212056445
353.0,0.45991561182017904,0.21454545454480467
354.0,0.45991561182017904,0.21575757575737953
355.0,0.45569620253445464,0.21818181818161975
356.0,0.45147679324873025,0.22181818181798008
357.0,0.44725738397755777,0.22424242424176555
358.0,0.44303797467728145,0.22545454545388566
359.0,0.44303797467728145,0.22787878787858062
360.0,0.438818565402471,0.22909090909070073
361.0,0.4345991561203846,0.23151515151494095
362.0,0.4303797468346602,0.23393939393872643
363.0,0.4261603375598497,0.23515151515084654
364.0,0.4219409282632114,0.2375757575755415
365.0,0.41772151898840093,0.2387878787876616
366.0,0.4135021097063145,0.23999999999978172
367.0,0.40928270043514203,0.24121212121190183
368.0,0.4050632911421417,0.24242424242402194
369.0,0.40084388186005526,0.24363636363614205
370.0,0.39662447257433087,0.24484848484826216
371.0,0.39240506329224445,0.24727272727204763
372.0,0.388185654013796,0.2496969696967426
373.0,0.388185654013796,0.2521212121209828
374.0,0.3839662447280716,0.25454545454522304
375.0,0.3797468354459852,0.25696969696946326
376.0,0.3755274261602608,0.25939393939324873
377.0,0.3713080168781744,0.2618181818179437
378.0,0.36708860759972595,0.2642424242421839
379.0,0.36286919831400155,0.26666666666642413
380.0,0.36286919831400155,0.2690909090902096
381.0,0.35864978903191513,0.2703030303023297
382.0,0.35443037974619074,0.2715151515144498
383.0,0.3502109704677423,0.2727272727270247
384.0,0.3459915611856559,0.2739393939391448
385.0,0.3417721518999315,0.2751515151503554
386.0,0.33755274261784507,0.2775757575755051
387.0,0.3333333333321207,0.27878787878762523
388.0,0.32911392405367224,0.2812121212114107
389.0,0.3248945147715858,0.28363636363610567
390.0,0.3206751054858614,0.2860606060603459
391.0,0.316455696203775,0.2896969696967062
392.0,0.316455696203775,0.29212121212094644
393.0,0.31223628691441263,0.29454545454518666
394.0,0.30801687763960217,0.298181818181547
395.0,0.30801687763960217,0.3018181818179073
396.0,0.30379746835751575,0.3054545454538129
397.0,0.30379746835751575,0.309090909090628
398.0,0.2995780590863433,0.3115151515148682
399.0,0.29535864978970494,0.3139393939391084
400.0,0.29535864978970494,0.3151515151512285
401.0,0.2911392405112565,0.31757575757546874
402.0,0.2869198312255321,0.31878787878758885
403.0,0.2827004219434457,0.31999999999970896
404.0,0.2784810126722732,0.32121212121182907
405.0,0.2742616033683589,0.3236363636360693
406.0,0.2742616033683589,0.3248484848481894
407.0,0.27004219409718644,0.3272727272719749
408.0,0.26582278481146204,0.32969696969666984
409.0,0.2616033755293756,0.33212121212091006
410.0,0.25738396625456517,0.33333333333303017
411.0,0.25316455695428886,0.3357575757572704
412.0,0.25316455695428886,0.3381818181815106
413.0,0.24894514768311637,0.3406060606057508
414.0,0.24472573839739198,0.34303030302999105
415.0,0.2405063291262195,0.34545454545423127
416.0,0.23628691983685712,0.3466666666663514
417.0,0.2320675105402188,0.3490909090905916
418.0,0.2320675105402188,0.3515151515148318
419.0,0.2278481012690463,0.35393939393816254
420.0,0.22362869198332191,0.35636363636331225
421.0,0.21940928271214943,0.35878787878755247
422.0,0.21518987342278706,0.3612121212117927
423.0,0.21518987342278706,0.364848484848153
424.0,0.21097046413706266,0.36848484848451335
425.0,0.20675105485497625,0.3721212121208737
426.0,0.20675105485497625,0.375757575757234
427.0,0.20253164556925185,0.37939393939359434
428.0,0.20253164556925185,0.38303030302995467
429.0,0.1983122362908034,0.386666666666315
430.0,0.194092827008717,0.3890909090905552
431.0,0.194092827008717,0.39151515151479543
432.0,0.1898734177229926,0.39393939393903565
433.0,0.18565400844090618,0.3963636363632759
434.0,0.18143459915518179,0.3987878787875161
435.0,0.17721518987673335,0.3999999999996362
436.0,0.17721518987673335,0.4024242424238764
437.0,0.17299578059464693,0.40363636363599653
438.0,0.16877637130892253,0.40606060606023675
439.0,0.16455696202683612,0.40848484848447697
440.0,0.16033755274838768,0.4109090909087172
441.0,0.16033755274838768,0.4133333333329574
442.0,0.15611814346266328,0.4145454545450775
443.0,0.15189873418057687,0.41696969696931774
444.0,0.14767932489485247,0.41939393939355796
445.0,0.14345991561276605,0.4218181818177982
446.0,0.14345991561276605,0.4242424242420384
447.0,0.13924050633431762,0.4266666666662786
448.0,0.13502109704859322,0.43030303030263894
449.0,0.1308016877665068,0.43272727272687916
450.0,0.1265822784807824,0.4363636363632395
451.0,0.1265822784807824,0.4387878787874797
452.0,0.12236286919142003,0.4424242424242948
453.0,0.11814345992024755,0.44606060606020037
454.0,0.11814345992024755,0.4496969696965607
455.0,0.11392405063452316,0.4521212121208009
456.0,0.10970464136335067,0.45575757575716125
457.0,0.10970464136335067,0.45818181818140147
458.0,0.10548523205943638,0.4618181818177618
459.0,0.1012658227882639,0.464242424242002
460.0,0.09704641350617749,0.46787878787836235
461.0,0.09704641350617749,0.4715151515147227
462.0,0.09282700422045309,0.475151515151083
463.0,0.08860759494928061,0.47757575757577797
464.0,0.08860759494928061,0.48121212121168355
465.0,0.08438818564536632,0.4848484848480439
466.0,0.08016877637419384,0.48848484848485896
467.0,0.08016877637419384,0.49212121212076454
468.0,0.07594936709210742,0.49575757575712487
469.0,0.07594936709210742,0.49939393939393995
470.0,0.07172995780638303,0.5030303030298455
471.0,0.07172995780638303,0.5066666666662059
472.0,0.06751054852793459,0.5103030303025662
473.0,0.06751054852793459,0.5127272727268064
474.0,0.06329113923129626,0.5163636363631667
475.0,0.06329113923129626,0.518787878787407
476.0,0.059071729960123776,0.522424242424222
477.0,0.05485232067803736,0.5248484848480075
478.0,0.05485232067803736,0.5284848484843678
479.0,0.0506329114032269,0.5321212121207282
480.0,0.046413502113864524,0.5357575757566337
481.0,0.046413502113864524,0.5393939393934488
482.0,0.04219409283177811,0.5430303030298091
483.0,0.04219409283177811,0.5466666666666242
484.0,0.03797468354605371,0.5503030303025298
485.0,0.03797468354605371,0.5539393939388901
486.0,0.033755274263967294,0.5587878787878253
487.0,0.033755274263967294,0.5624242424237309
488.0,0.029535864985518856,0.5660606060600912
489.0,0.029535864985518856,0.5696969696969063
490.0,0.02531645569979446,0.5733333333328119
491.0,0.02531645569979446,0.5781818181812923
492.0,0.021097046417708043,0.5818181818181074
493.0,0.021097046417708043,0.585454545454013
494.0,0.021097046417708043,0.5903030303029482
495.0,0.016877637131983647,0.5939393939393085
496.0,0.016877637131983647,0.5975757575752141
497.0,0.012658227846259251,0.6012121212115744
498.0,0.012658227846259251,0.6060606060600549
499.0,0.008438818571448792,0.6096969696964152
500.0,0.008438818571448792,0.6133333333332303
501.0,0.004219409285724396,0.618181818181256
502.0,0.004219409285724396,0.6230303030297364
503.0,0.004219409285724396,0.626666666665642
504.0,0.004219409285724396,0.6315151515145772
505.0,0.0,0.6363636363635123
506.0,0.004219409285724396,0.641212121211538
507.0,0.008438818571448792,0.6424242424236581
508.0,0.012658227846259251,0.6460606060600185
509.0,0.016877637131983647,0.6496969696968335
510.0,0.021097046417708043,0.6509090909089537
511.0,0.02531645569979446,0.6521212121210738
512.0,0.033755274263967294,0.6569696969690995
513.0,0.03797468354605371,0.6606060606059145
514.0,0.04219409283177811,0.6654545454539402
515.0,0.046413502113864524,0.6678787878781804
516.0,0.0506329114032269,0.6715151515149955
517.0,0.059071729960123776,0.6751515151513559
518.0,0.06329113923129626,0.6775757575751413
519.0,0.06751054852793459,0.6799999999993815
520.0,0.07172995780638303,0.6824242424240765
521.0,0.07172995780638303,0.6836363636361966
522.0,0.07594936709210742,0.6860606060604368
523.0,0.08016877637419384,0.6860606060604368
524.0,0.08438818564536632,0.6884848484842223
525.0,0.08860759494928061,0.6933333333331575
526.0,0.09704641350617749,0.6957575757573977
527.0,0.1012658227882639,0.6957575757573977
528.0,0.10970464136335067,0.6993939393933033
529.0,0.11392405063452316,0.7018181818175435
530.0,0.11814345992024755,0.7042424242422385
531.0,0.12236286919142003,0.7054545454543586
532.0,0.1265822784807824,0.7090909090907189
533.0,0.13502109704859322,0.7090909090907189
534.0,0.13924050633431762,0.710303030302839
535.0,0.14345991561276605,0.7139393939387446
536.0,0.14767932489485247,0.7187878787876798
537.0,0.15611814346266328,0.72121212121192
538.0,0.16033755274838768,0.7248484848478256
539.0,0.16455696202683612,0.7272727272725206
540.0,0.17299578059464693,0.7296969696958513
541.0,0.17721518987673335,0.732121212121001
542.0,0.18143459915518179,0.7333333333331211
543.0,0.18565400844090618,0.7381818181816016
544.0,0.1898734177229926,0.7406060606058418
545.0,0.1983122362908034,0.7418181818179619
546.0,0.20253164556925185,0.7442424242422021
547.0,0.21097046413706266,0.7466666666659876
548.0,0.21518987342278706,0.7503030303028027
549.0,0.22362869198332191,0.7527272727270429
550.0,0.2278481012690463,0.7551515151512831
551.0,0.2320675105402188,0.7575757575750686
552.0,0.23628691983685712,0.7587878787871887
553.0,0.24472573839739198,0.7624242424240038
554.0,0.24894514768311637,0.7636363636361239
555.0,0.25738396625456517,0.764848484848244
556.0,0.2616033755293756,0.7684848484846043
557.0,0.26582278481146204,0.7709090909083898
558.0,0.2742616033683589,0.7745454545452048
559.0,0.2784810126722732,0.7781818181815652
560.0,0.2827004219434457,0.7806060606053506
561.0,0.2869198312255321,0.7830303030295909
562.0,0.2911392405112565,0.7842424242421657
563.0,0.29535864978970494,0.787878787878526
564.0,0.30379746835751575,0.7915151515148864
565.0,0.30801687763960217,0.7927272727265517
566.0,0.31223628691441263,0.7975757575754869
567.0,0.3206751054858614,0.8012121212118473
568.0,0.3248945147715858,0.8048484848477528
569.0,0.32911392405367224,0.8072727272724478
570.0,0.3333333333321207,0.8109090909088081
571.0,0.33755274261784507,0.8109090909088081
572.0,0.3417721518999315,0.8145454545451685
573.0,0.3459915611856559,0.8193939393936489
574.0,0.35443037974619074,0.8218181818178891
575.0,0.35864978903191513,0.8242424242421293
576.0,0.36286919831400155,0.8278787878780349
577.0,0.3713080168781744,0.83151515151485
578.0,0.3755274261602608,0.8351515151512103
579.0,0.3797468354459852,0.8387878787871159
580.0,0.3839662447280716,0.8412121212118109
581.0,0.388185654013796,0.842424242423931
582.0,0.39240506329224445,0.8448484848481712
583.0,0.39662447257433087,0.8496969696966516
584.0,0.4050632911421417,0.8521212121208919
585.0,0.40928270043514203,0.8545454545451321
586.0,0.4135021097063145,0.8569696969693723
587.0,0.41772151898840093,0.8593939393936125
588.0,0.4219409282632114,0.8618181818178527
589.0,0.4261603375598497,0.8630303030295181
590.0,0.4303797468346602,0.8630303030295181
591.0,0.4345991561203846,0.8654545454542131
592.0,0.438818565402471,0.8690909090905734
593.0,0.44303797467728145,0.8727272727269337
594.0,0.45147679324873025,0.8739393939385991
595.0,0.45569620253445464,0.875151515151174
596.0,0.4641350210913515,0.8775757575754142
597.0,0.46835443039162783,0.8799999999996544
598.0,0.4725738396628003,0.8812121212117745
599.0,0.4767932489485247,0.8836363636364695
600.0,0.4767932489485247,0.8848484848481348
601.0,0.4810126582196972,0.887272727272375
602.0,0.48523206750905956,0.8884848484844952
603.0,0.49367088608050835,0.8884848484844952
604.0,0.49789029536259477,0.8921212121208555
605.0,0.5021097046337673,0.8957575757572158
606.0,0.510548523208854,0.898181818181456
607.0,0.5147679324945784,0.8993939393935761
608.0,0.5189873417693889,0.9018181818178164
609.0,0.5232067510551133,0.9042424242420566
610.0,0.5274261603408377,0.9054545454541767
611.0,0.5316455696229241,0.9078787878784169
612.0,0.5358649789086485,0.9078787878784169
613.0,0.5358649789086485,0.909090909090537
614.0,0.5400843881834589,0.9103030303026571
615.0,0.5443037974691833,0.9127272727268974
616.0,0.5485232067549077,0.9163636363632577
617.0,0.5569620253227185,0.9175757575753778
618.0,0.561181434601167,0.919999999999618
619.0,0.5654008438832534,0.9212121212117381
620.0,0.5696202531689778,0.9224242424238582
621.0,0.5696202531689778,0.9236363636350688
622.0,0.5738396624510642,0.9248484848480985
623.0,0.5780590717404266,0.9260606060602186
624.0,0.582278481015237,0.9260606060602186
625.0,0.5864978902973235,0.9284848484844588
626.0,0.5864978902973235,0.9296969696965789
627.0,0.5864978902973235,0.9296969696965789
628.0,0.590717299568496,0.9296969696965789
629.0,0.590717299568496,0.9296969696965789
630.0,0.5949367088651343,0.9321212121208191
631.0,0.5991561181544967,0.9321212121208191
632.0,0.6033755274293071,0.9333333333329392
633.0,0.6033755274293071,0.9333333333329392
634.0,0.6075949367113935,0.9333333333329392
635.0,0.6075949367113935,0.9333333333329392
636.0,0.6075949367113935,0.9333333333329392
637.0,0.6075949367113935,0.9333333333329392
638.0,0.6075949367113935,0.9333333333329392
639.0,0.6075949367113935,0.9333333333329392
640.0,0.6075949367113935,0.9333333333329392
641.0,0.611814345982566,0.9333333333329392
642.0,0.6160337552864803,0.9345454545450593
643.0,0.6160337552864803,0.9369696969692995
644.0,0.6202531645576528,0.9381818181814197
645.0,0.6244725738433772,0.9393939393935398
646.0,0.6244725738433772,0.9406060606056599
647.0,0.6244725738433772,0.9406060606056599
648.0,0.6244725738433772,0.9406060606056599
649.0,0.6286919831254636,0.9406060606056599
650.0,0.6286919831254636,0.94181818181778
651.0,0.6329113923966361,0.9430303030299001
652.0,0.6371308017005504,0.9430303030299001
653.0,0.6371308017005504,0.9442424242420202
654.0,0.6413502109717228,0.9466666666662604
655.0,0.6455696202574472,0.9478787878783805
656.0,0.6455696202574472,0.9478787878783805
657.0,0.6455696202574472,0.9478787878783805
658.0,0.6455696202574472,0.9478787878783805
659.0,0.6455696202574472,0.9478787878783805
660.0,0.6497890295395337,0.9478787878783805
661.0,0.6497890295395337,0.9478787878783805
662.0,0.6497890295395337,0.9478787878783805
663.0,0.6497890295395337,0.9478787878783805
664.0,0.6497890295395337,0.9478787878783805
665.0,0.6497890295395337,0.9478787878783805
666.0,0.6497890295395337,0.9478787878783805
667.0,0.6497890295395337,0.9490909090905006
668.0,0.6497890295395337,0.9490909090905006
669.0,0.6540084388179821,0.9490909090905006
670.0,0.6582278481146204,0.9503030303026208
671.0,0.6582278481146204,0.9515151515147409
672.0,0.6582278481146204,0.9515151515147409
673.0,0.6582278481146204,0.9515151515147409
674.0,0.6582278481146204,0.9515151515147409
675.0,0.6582278481146204,0.9515151515147409
676.0,0.6582278481146204,0.9515151515147409
677.0,0.6624472573857929,0.9515151515147409
678.0,0.6624472573857929,0.9515151515147409
679.0,0.6624472573857929,0.9515151515147409
680.0,0.6624472573857929,0.952727272726861
681.0,0.6624472573857929,0.952727272726861
682.0,0.6624472573857929,0.952727272726861
683.0,0.6624472573857929,0.952727272726861
684.0,0.6624472573857929,0.952727272726861
685.0,0.6624472573857929,0.952727272726861
686.0,0.6624472573857929,0.952727272726861
687.0,0.6666666666715173,0.952727272726861
688.0,0.6666666666715173,0.952727272726861
689.0,0.6666666666715173,0.952727272726861
690.0,0.6666666666715173,0.952727272726861
691.0,0.6666666666715173,0.952727272726861
692.0,0.6666666666715173,0.9539393939389811
693.0,0.6708860759426898,0.9539393939389811
694.0,0.6708860759426898,0.9539393939389811
695.0,0.6708860759426898,0.9539393939389811
696.0,0.6708860759426898,0.9539393939389811
697.0,0.6708860759426898,0.9539393939389811
698.0,0.6708860759426898,0.9539393939389811
699.0,0.6708860759426898,0.9539393939389811
700.0,0.6708860759426898,0.9539393939389811
701.0,0.6708860759426898,0.9539393939389811
702.0,0.6708860759426898,0.9539393939389811
703.0,0.6708860759426898,0.9539393939389811
704.0,0.6708860759426898,0.9539393939389811
705.0,0.6708860759426898,0.9539393939389811
706.0,0.6708860759426898,0.9539393939389811
707.0,0.6708860759426898,0.9539393939389811
708.0,0.6708860759426898,0.9551515151511012
709.0,0.6708860759426898,0.9551515151511012
710.0,0.6708860759426898,0.9551515151511012
711.0,0.6751054852320522,0.9551515151511012
712.0,0.6751054852320522,0.9551515151511012
713.0,0.6751054852320522,0.9551515151511012
714.0,0.6751054852320522,0.9551515151511012
715.0,0.6751054852320522,0.9551515151511012
716.0,0.6751054852320522,0.9551515151511012
717.0,0.6751054852320522,0.9551515151511012
718.0,0.6751054852320522,0.9551515151511012
719.0,0.6751054852320522,0.9551515151511012
720.0,0.6751054852320522,0.9551515151511012
721.0,0.6793248945177766,0.9563636363632213
722.0,0.6793248945177766,0.9575757575753414
723.0,0.6793248945177766,0.9575757575753414
724.0,0.6793248945177766,0.9575757575753414
725.0,0.6793248945177766,0.9575757575753414
726.0,0.6793248945177766,0.9575757575753414
727.0,0.6793248945177766,0.9575757575753414
728.0,0.6793248945177766,0.9575757575753414
729.0,0.6793248945177766,0.9575757575753414
730.0,0.6793248945177766,0.9575757575753414
731.0,0.6793248945177766,0.9575757575753414
732.0,0.6793248945177766,0.9575757575753414
733.0,0.6793248945177766,0.9575757575753414
734.0,0.683544303799863,0.9575757575753414
735.0,0.683544303799863,0.9575757575753414
736.0,0.683544303799863,0.9599999999995816
737.0,0.6877637130855874,0.9599999999995816
738.0,0.6877637130855874,0.9599999999995816
739.0,0.6877637130855874,0.9599999999995816
740.0,0.6877637130855874,0.9599999999995816
741.0,0.6877637130855874,0.9599999999995816
742.0,0.6877637130855874,0.9599999999995816
743.0,0.6877637130855874,0.9599999999995816
744.0,0.6877637130855874,0.9599999999995816
745.0,0.6877637130855874,0.9599999999995816
746.0,0.6877637130855874,0.9612121212117017
747.0,0.6877637130855874,0.9612121212117017
748.0,0.6919831223640358,0.9612121212117017
749.0,0.6919831223640358,0.9612121212117017
750.0,0.6919831223640358,0.9612121212117017
751.0,0.6919831223640358,0.9612121212117017
752.0,0.6919831223640358,0.9612121212117017
753.0,0.6919831223640358,0.9612121212117017
754.0,0.6919831223640358,0.9612121212117017
755.0,0.6919831223640358,0.9612121212117017
756.0,0.6962025316461222,0.9599999999995816
757.0,0.7004219409318466,0.9587878787874615
758.0,0.7004219409318466,0.9587878787874615
759.0,0.704641350213933,0.9587878787874615
760.0,0.704641350213933,0.9587878787874615
761.0,0.7088607594996574,0.9599999999995816
762.0,0.7088607594996574,0.9612121212117017
763.0,0.7130801687781059,0.9624242424238219
764.0,0.7130801687781059,0.9624242424238219
765.0,0.7130801687781059,0.9612121212117017
766.0,0.7130801687781059,0.9612121212117017
767.0,0.7130801687781059,0.9612121212117017
768.0,0.7172995780601923,0.9599999999995816
769.0,0.7172995780601923,0.9599999999995816
770.0,0.7172995780601923,0.9599999999995816
771.0,0.7172995780601923,0.9599999999995816
772.0,0.7172995780601923,0.9599999999995816
773.0,0.7215189873459167,0.9599999999995816
774.0,0.7215189873459167,0.9599999999995816
775.0,0.7215189873459167,0.9599999999995816
776.0,0.7215189873459167,0.9599999999995816
777.0,0.7215189873459167,0.9599999999995816
778.0,0.7215189873459167,0.9599999999995816
779.0,0.7215189873459167,0.9599999999995816
780.0,0.7215189873459167,0.9599999999995816
781.0,0.7215189873459167,0.9599999999995816
782.0,0.7215189873459167,0.9599999999995816
783.0,0.7215189873459167,0.9599999999995816
784.0,0.7215189873459167,0.9599999999995816
785.0,0.7215189873459167,0.9599999999995816
786.0,0.7215189873459167,0.9599999999995816
787.0,0.7215189873459167,0.9599999999995816
788.0,0.7215189873459167,0.9599999999995816
789.0,0.7215189873459167,0.9599999999995816
790.0,0.7215189873459167,0.9599999999995816
791.0,0.7257383966280031,0.9599999999995816
792.0,0.7257383966280031,0.9599999999995816
793.0,0.7257383966280031,0.9599999999995816
794.0,0.7257383966280031,0.9599999999995816
795.0,0.7257383966280031,0.9599999999995816
796.0,0.7257383966280031,0.9599999999995816
797.0,0.7257383966280031,0.9599999999995816
798.0,0.7257383966280031,0.9599999999995816
799.0,0.7257383966280031,0.9599999999995816
800.0,0.7257383966280031,0.9599999999995816
801.0,0.7257383966280031,0.9599999999995816
802.0,0.7257383966280031,0.9599999999995816
803.0,0.7257383966280031,0.9599999999995816
804.0,0.7257383966280031,0.9599999999995816
805.0,0.7257383966280031,0.9612121212117017
806.0,0.7257383966280031,0.9612121212117017
807.0,0.7257383966280031,0.9612121212117017
808.0,0.7257383966280031,0.9612121212117017
809.0,0.7257383966280031,0.9612121212117017
810.0,0.7299578059064515,0.9612121212117017
811.0,0.7299578059064515,0.9612121212117017
812.0,0.7299578059064515,0.9612121212117017
813.0,0.7299578059064515,0.9612121212117017
814.0,0.7299578059064515,0.9612121212117017
815.0,0.7299578059064515,0.9612121212117017
816.0,0.7299578059064515,0.9612121212117017
817.0,0.7299578059064515,0.9612121212117017
818.0,0.7299578059064515,0.9612121212117017
819.0,0.7299578059064515,0.9612121212117017
820.0,0.7299578059064515,0.9612121212117017
821.0,0.7299578059064515,0.9612121212117017
822.0,0.7299578059064515,0.9612121212117017
823.0,0.7299578059064515,0.9612121212117017
824.0,0.7299578059064515,0.9612121212117017
825.0,0.7299578059064515,0.9612121212117017
826.0,0.7299578059064515,0.9612121212117017
827.0,0.7299578059064515,0.9612121212117017
828.0,0.7341772151921759,0.9612121212117017
829.0,0.7341772151921759,0.9612121212117017
830.0,0.7341772151921759,0.9612121212117017
831.0,0.7341772151921759,0.9612121212117017
832.0,0.7341772151921759,0.9612121212117017
833.0,0.7341772151921759,0.9612121212117017
834.0,0.7341772151921759,0.9612121212117017
835.0,0.7341772151921759,0.9612121212117017
836.0,0.7341772151921759,0.9612121212117017
837.0,0.7341772151921759,0.9612121212117017
838.0,0.7341772151921759,0.9612121212117017
839.0,0.7341772151921759,0.9612121212117017
840.0,0.7341772151921759,0.9612121212117017
841.0,0.7341772151921759,0.9612121212117017
842.0,0.7341772151921759,0.9624242424238219
843.0,0.7341772151921759,0.9624242424238219
844.0,0.7341772151921759,0.9624242424238219
845.0,0.7341772151921759,0.9624242424238219
846.0,0.7383966244742624,0.9624242424238219
847.0,0.7383966244742624,0.9624242424238219
848.0,0.7383966244742624,0.9624242424238219
849.0,0.7383966244742624,0.9624242424238219
850.0,0.7383966244742624,0.9624242424238219
851.0,0.7383966244742624,0.9624242424238219
852.0,0.7383966244742624,0.9624242424238219
853.0,0.7383966244742624,0.9624242424238219
854.0,0.7383966244742624,0.9624242424238219
855.0,0.7383966244742624,0.9624242424238219
856.0,0.7383966244742624,0.9624242424238219
857.0,0.7383966244742624,0.9624242424238219
858.0,0.7383966244742624,0.9624242424238219
859.0,0.7383966244742624,0.9624242424238219
860.0,0.7383966244742624,0.9624242424238219
861.0,0.7383966244742624,0.9624242424238219
862.0,0.7383966244742624,0.9624242424238219
863.0,0.7383966244742624,0.9624242424238219
864.0,0.7426160337599867,0.9624242424238219
865.0,0.7426160337599867,0.9624242424238219
866.0,0.7426160337599867,0.9624242424238219
867.0,0.7426160337599867,0.9624242424238219
868.0,0.7426160337599867,0.9624242424238219
869.0,0.7426160337599867,0.9624242424238219
870.0,0.7426160337599867,0.9624242424238219
871.0,0.7426160337599867,0.9624242424238219
872.0,0.7426160337599867,0.9624242424238219
873.0,0.7426160337599867,0.9624242424238219
874.0,0.7426160337599867,0.9624242424238219
875.0,0.7426160337599867,0.9624242424238219
876.0,0.7426160337599867,0.9624242424238219
877.0,0.7426160337599867,0.9624242424238219
878.0,0.7426160337599867,0.963636363635942
879.0,0.7426160337599867,0.963636363635942
880.0,0.7426160337599867,0.963636363635942
881.0,0.7426160337599867,0.963636363635942
882.0,0.7426160337599867,0.963636363635942
883.0,0.7468354430420732,0.963636363635942
884.0,0.7468354430420732,0.963636363635942
885.0,0.7468354430420732,0.963636363635942
886.0,0.7468354430420732,0.963636363635942
887.0,0.7468354430420732,0.963636363635942
888.0,0.7468354430420732,0.963636363635942
889.0,0.7468354430420732,0.963636363635942
890.0,0.7468354430420732,0.963636363635942
891.0,0.7468354430420732,0.963636363635942
892.0,0.7468354430420732,0.963636363635942
893.0,0.7468354430420732,0.963636363635942
894.0,0.7468354430420732,0.963636363635942
895.0,0.7468354430420732,0.963636363635942
896.0,0.7468354430420732,0.963636363635942
897.0,0.7468354430420732,0.963636363635942
898.0,0.7468354430420732,0.963636363635942
899.0,0.7468354430420732,0.963636363635942
900.0,0.7468354430420732,0.963636363635942
901.0,0.7510548523205216,0.963636363635942
902.0,0.7510548523205216,0.963636363635942
903.0,0.7510548523205216,0.963636363635942
904.0,0.7510548523205216,0.963636363635942
905.0,0.7510548523205216,0.963636363635942
906.0,0.7510548523205216,0.963636363635942
907.0,0.7510548523205216,0.963636363635942
908.0,0.7510548523205216,0.963636363635942
909.0,0.7510548523205216,0.963636363635942
910.0,0.7510548523205216,0.963636363635942
911.0,0.7510548523205216,0.963636363635942
912.0,0.7510548523205216,0.963636363635942
913.0,0.7510548523205216,0.963636363635942
914.0,0.7510548523205216,0.9648484848480621
915.0,0.7510548523205216,0.9648484848480621
916.0,0.7510548523205216,0.9648484848480621
917.0,0.7510548523205216,0.9648484848480621
918.0,0.7510548523205216,0.9648484848480621
919.0,0.7510548523205216,0.9648484848480621
920.0,0.755274261606246,0.9648484848480621
921.0,0.755274261606246,0.9648484848480621
922.0,0.755274261606246,0.9648484848480621
923.0,0.755274261606246,0.9648484848480621
924.0,0.755274261606246,0.9648484848480621
925.0,0.755274261606246,0.9648484848480621
926.0,0.755274261606246,0.9648484848480621
927.0,0.755274261606246,0.9648484848480621
928.0,0.755274261606246,0.9648484848480621
929.0,0.755274261606246,0.9648484848480621
930.0,0.755274261606246,0.9648484848480621
931.0,0.755274261606246,0.9648484848480621
932.0,0.755274261606246,0.9648484848480621
933.0,0.755274261606246,0.9648484848480621
934.0,0.755274261606246,0.9648484848480621
935.0,0.755274261606246,0.9648484848480621
936.0,0.755274261606246,0.9648484848480621
937.0,0.755274261606246,0.9648484848480621
938.0,0.7594936708883324,0.9648484848480621
939.0,0.7594936708883324,0.9648484848480621
940.0,0.7594936708883324,0.9648484848480621
941.0,0.7594936708883324,0.9648484848480621
942.0,0.7594936708883324,0.9648484848480621
943.0,0.7594936708883324,0.9648484848480621
944.0,0.7594936708883324,0.9648484848480621
945.0,0.7594936708883324,0.9648484848480621
946.0,0.7594936708883324,0.9648484848480621
947.0,0.7594936708883324,0.9648484848480621
948.0,0.7594936708883324,0.9648484848480621
949.0,0.7594936708883324,0.9648484848480621
950.0,0.7594936708883324,0.9648484848480621
951.0,0.7594936708883324,0.9660606060606369
952.0,0.7594936708883324,0.9660606060606369
953.0,0.7594936708883324,0.9660606060606369
954.0,0.7594936708883324,0.9660606060606369
955.0,0.7594936708883324,0.9660606060606369
956.0,0.7637130801740568,0.9660606060606369
957.0,0.7637130801740568,0.9660606060606369
958.0,0.7637130801740568,0.9660606060606369
959.0,0.7637130801740568,0.9660606060606369
960.0,0.7637130801740568,0.9660606060606369
961.0,0.7637130801740568,0.9660606060606369
962.0,0.7637130801740568,0.9660606060606369
963.0,0.7637130801740568,0.9660606060606369
964.0,0.7637130801740568,0.9660606060606369
965.0,0.7637130801740568,0.9660606060606369
966.0,0.7637130801740568,0.9660606060606369
967.0,0.7637130801740568,0.9660606060606369
968.0,0.7637130801740568,0.9660606060606369
969.0,0.7637130801740568,0.9660606060606369
970.0,0.7637130801740568,0.9660606060606369
971.0,0.7637130801740568,0.9660606060606369
972.0,0.7637130801740568,0.9660606060606369
973.0,0.7637130801740568,0.9660606060606369
974.0,0.7679324894634192,0.9660606060606369
975.0,0.7679324894634192,0.9660606060606369
976.0,0.7679324894634192,0.9660606060606369
977.0,0.7679324894634192,0.9660606060606369
978.0,0.7679324894634192,0.9660606060606369
979.0,0.7679324894634192,0.9660606060606369
980.0,0.7679324894634192,0.9660606060606369
981.0,0.7679324894634192,0.9660606060606369
982.0,0.7679324894634192,0.9660606060606369
983.0,0.7679324894634192,0.9660606060606369
984.0,0.7679324894634192,0.9660606060606369
985.0,0.7679324894634192,0.9660606060606369
986.0,0.7679324894634192,0.9660606060606369
987.0,0.7679324894634192,0.9672727272723023
988.0,0.7679324894634192,0.9672727272723023
989.0,0.7679324894634192,0.9672727272723023
990.0,0.7679324894634192,0.9672727272723023
991.0,0.7679324894634192,0.9672727272723023
992.0,0.7679324894634192,0.9672727272723023
993.0,0.7721518987345917,0.9672727272723023
994.0,0.7721518987345917,0.9672727272723023
995.0,0.7721518987345917,0.9672727272723023
996.0,0.7721518987345917,0.9672727272723023
997.0,0.7721518987345917,0.9672727272723023
998.0,0.7721518987345917,0.9672727272723023
999.0,0.7721518987345917,0.9672727272723023
1000.0,0.7721518987345917,0.9672727272723023
1001.0,0.7721518987345917,0.9672727272723023
1002.0,0.7721518987345917,0.9672727272723023
1003.0,0.7721518987345917,0.9672727272723023
1004.0,0.7721518987345917,0.9672727272723023
1005.0,0.7721518987345917,0.9672727272723023
1006.0,0.7721518987345917,0.9672727272723023
1007.0,0.7721518987345917,0.9672727272723023
1008.0,0.7721518987345917,0.9672727272723023
1009.0,0.7721518987345917,0.9672727272723023
1010.0,0.7721518987345917,0.9672727272723023
1011.0,0.7763713080203161,0.9672727272723023
1012.0,0.7763713080203161,0.9672727272723023
1013.0,0.7763713080203161,0.9672727272723023
1014.0,0.7763713080203161,0.9672727272723023
1015.0,0.7763713080203161,0.9672727272723023
1016.0,0.7763713080203161,0.9672727272723023
1017.0,0.7763713080203161,0.9672727272723023
1018.0,0.7763713080203161,0.9672727272723023
1019.0,0.7763713080203161,0.9672727272723023
1020.0,0.7763713080203161,0.9672727272723023
1021.0,0.7763713080203161,0.9672727272723023
1022.0,0.7763713080203161,0.9672727272723023
1023.0,0.7763713080203161,0.9684848484844224
1024.0,0.7763713080203161,0.9684848484844224
1025.0,0.7763713080203161,0.9684848484844224
1026.0,0.7763713080203161,0.9684848484844224
1027.0,0.7763713080203161,0.9684848484844224
1028.0,0.7763713080203161,0.9684848484844224
1029.0,0.7805907172914885,0.9684848484844224
1030.0,0.7805907172914885,0.9684848484844224
1031.0,0.7805907172914885,0.9684848484844224
1032.0,0.7805907172914885,0.9684848484844224
1033.0,0.7805907172914885,0.9684848484844224
1034.0,0.7805907172914885,0.9684848484844224
1035.0,0.7805907172914885,0.9684848484844224
1036.0,0.7805907172914885,0.9684848484844224
1037.0,0.7805907172914885,0.9684848484844224
1038.0,0.7805907172914885,0.9684848484844224
1039.0,0.7805907172914885,0.9684848484844224
1040.0,0.7805907172914885,0.9684848484844224
1041.0,0.7805907172914885,0.9684848484844224
1042.0,0.7805907172914885,0.9684848484844224
1043.0,0.7805907172914885,0.9684848484844224
1044.0,0.7805907172914885,0.9684848484844224
1045.0,0.7805907172914885,0.9684848484844224
1046.0,0.7805907172914885,0.9684848484844224
1047.0,0.7848101265881269,0.9684848484844224
1048.0,0.7848101265881269,0.9684848484844224
1049.0,0.7848101265881269,0.9684848484844224
1050.0,0.7848101265881269,0.9684848484844224
1051.0,0.7848101265881269,0.9684848484844224
1052.0,0.7848101265881269,0.9684848484844224
1053.0,0.7848101265881269,0.9684848484844224
1054.0,0.7848101265881269,0.9684848484844224
1055.0,0.7848101265881269,0.9684848484844224
1056.0,0.7848101265881269,0.9684848484844224
1057.0,0.7848101265881269,0.9684848484844224
1058.0,0.7848101265881269,0.9684848484844224
1059.0,0.7848101265881269,0.9696969696965425
1060.0,0.7848101265881269,0.9696969696965425
1061.0,0.7848101265881269,0.9696969696965425
1062.0,0.7848101265881269,0.9696969696965425
1063.0,0.7848101265881269,0.9696969696965425
1064.0,0.7848101265881269,0.9696969696965425
1065.0,0.7848101265881269,0.9696969696965425
1066.0,0.7890295358665753,0.9696969696965425
1067.0,0.7890295358665753,0.9696969696965425
1068.0,0.7890295358665753,0.9696969696965425
1069.0,0.7890295358665753,0.9696969696965425
1070.0,0.7890295358665753,0.9696969696965425
1071.0,0.7890295358665753,0.9696969696965425
1072.0,0.7890295358665753,0.9696969696965425
1073.0,0.7890295358665753,0.9696969696965425
1074.0,0.7890295358665753,0.9696969696965425
1075.0,0.7890295358665753,0.9696969696965425
1076.0,0.7890295358665753,0.9696969696965425
1077.0,0.7890295358665753,0.9696969696965425
1078.0,0.7890295358665753,0.9696969696965425
1079.0,0.7890295358665753,0.9696969696965425
1080.0,0.7890295358665753,0.9696969696965425
1081.0,0.7890295358665753,0.9696969696965425
1082.0,0.7890295358665753,0.9696969696965425
1083.0,0.7890295358665753,0.9696969696965425
1084.0,0.7932489451486617,0.9696969696965425
1085.0,0.7932489451486617,0.9696969696965425
1086.0,0.7932489451486617,0.9696969696965425
1087.0,0.7932489451486617,0.9696969696965425
1088.0,0.7932489451486617,0.9696969696965425
1089.0,0.7932489451486617,0.9696969696965425
1090.0,0.7932489451486617,0.9696969696965425
1091.0,0.7932489451486617,0.9696969696965425
1092.0,0.7932489451486617,0.9696969696965425
1093.0,0.7932489451486617,0.9696969696965425
1094.0,0.7932489451486617,0.9696969696965425
1095.0,0.7932489451486617,0.9709090909086626
1096.0,0.7932489451486617,0.9709090909086626
1097.0,0.7932489451486617,0.9709090909086626
1098.0,0.7932489451486617,0.9709090909086626
1099.0,0.7932489451486617,0.9709090909086626
1100.0,0.7932489451486617,0.9709090909086626
1101.0,0.7932489451486617,0.9709090909086626
1102.0,0.7932489451486617,0.9709090909086626
1103.0,0.7974683544343861,0.9709090909086626
1104.0,0.7974683544343861,0.9709090909086626
1105.0,0.7974683544343861,0.9709090909086626
1106.0,0.7974683544343861,0.9709090909086626
1107.0,0.7974683544343861,0.9709090909086626
1108.0,0.7974683544343861,0.9709090909086626
1109.0,0.7974683544343861,0.9709090909086626
1110.0,0.7974683544343861,0.9709090909086626
1111.0,0.7974683544343861,0.9709090909086626
1112.0,0.7974683544343861,0.9709090909086626
1113.0,0.7974683544343861,0.9709090909086626
1114.0,0.7974683544343861,0.9709090909086626
1115.0,0.7974683544343861,0.9709090909086626
1116.0,0.7974683544343861,0.9709090909086626
1117.0,0.7974683544343861,0.9709090909086626
1118.0,0.7974683544343861,0.9709090909086626
1119.0,0.7974683544343861,0.9709090909086626
1120.0,0.7974683544343861,0.9709090909086626
1121.0,0.8016877637055586,0.9709090909086626
1122.0,0.8016877637055586,0.9709090909086626
1123.0,0.8016877637055586,0.9709090909086626
1124.0,0.8016877637055586,0.9709090909086626
1125.0,0.8016877637055586,0.9709090909086626
1126.0,0.8016877637055586,0.9709090909086626
1127.0,0.8016877637055586,0.9709090909086626
1128.0,0.8016877637055586,0.9709090909086626
1129.0,0.8016877637055586,0.9709090909086626
1130.0,0.8016877637055586,0.9709090909086626
1131.0,0.8016877637055586,0.9721212121207827
1132.0,0.8016877637055586,0.9721212121207827
1133.0,0.8016877637055586,0.9721212121207827
1134.0,0.8016877637055586,0.9721212121207827
1135.0,0.8016877637055586,0.9721212121207827
1136.0,0.8016877637055586,0.9721212121207827
1137.0,0.8016877637055586,0.9721212121207827
1138.0,0.8016877637055586,0.9721212121207827
1139.0,0.8059071730094729,0.9721212121207827
1140.0,0.8059071730094729,0.9721212121207827
1141.0,0.8059071730094729,0.9721212121207827
1142.0,0.8059071730094729,0.9721212121207827
1143.0,0.8059071730094729,0.9721212121207827
1144.0,0.8059071730094729,0.9721212121207827
1145.0,0.8059071730094729,0.9721212121207827
1146.0,0.8059071730094729,0.9721212121207827
1147.0,0.8059071730094729,0.9721212121207827
1148.0,0.8059071730094729,0.9721212121207827
1149.0,0.8059071730094729,0.9721212121207827
1150.0,0.8059071730094729,0.9721212121207827
1151.0,0.8059071730094729,0.9721212121207827
1152.0,0.8059071730094729,0.9721212121207827
1153.0,0.8059071730094729,0.9721212121207827
1154.0,0.8059071730094729,0.9721212121207827
1155.0,0.8059071730094729,0.9721212121207827
1156.0,0.8059071730094729,0.9721212121207827
1157.0,0.8101265822806454,0.9721212121207827
1158.0,0.8101265822806454,0.9721212121207827
1159.0,0.8101265822806454,0.9721212121207827
1160.0,0.8101265822806454,0.9721212121207827
1161.0,0.8101265822806454,0.9721212121207827
1162.0,0.8101265822806454,0.9721212121207827
1163.0,0.8101265822806454,0.9721212121207827
1164.0,0.8101265822806454,0.9721212121207827
1165.0,0.8101265822806454,0.9721212121207827
1166.0,0.8101265822806454,0.9721212121207827
1167.0,0.8101265822806454,0.9721212121207827
1168.0,0.8101265822806454,0.9733333333329028
1169.0,0.8101265822806454,0.9733333333329028
1170.0,0.8101265822806454,0.9733333333329028
1171.0,0.8101265822806454,0.9733333333329028
1172.0,0.8101265822806454,0.9733333333329028
1173.0,0.8101265822806454,0.9733333333329028
1174.0,0.8101265822806454,0.9733333333329028
1175.0,0.8101265822806454,0.9733333333329028
1176.0,0.8143459915627318,0.9733333333329028
1177.0,0.8143459915627318,0.9733333333329028
1178.0,0.8143459915627318,0.9733333333329028
1179.0,0.8143459915627318,0.9733333333329028
1180.0,0.8143459915627318,0.9733333333329028
1181.0,0.8143459915627318,0.9733333333329028
1182.0,0.8143459915627318,0.9733333333329028
1183.0,0.8143459915627318,0.9733333333329028
1184.0,0.8143459915627318,0.9733333333329028
1185.0,0.8143459915627318,0.9733333333329028
1186.0,0.8143459915627318,0.9733333333329028
1187.0,0.8143459915627318,0.9733333333329028
1188.0,0.8143459915627318,0.9733333333329028
1189.0,0.8143459915627318,0.9733333333329028
1190.0,0.8143459915627318,0.9733333333329028
1191.0,0.8143459915627318,0.9733333333329028
1192.0,0.8143459915627318,0.9733333333329028
1193.0,0.8143459915627318,0.9733333333329028
1194.0,0.8185654008484562,0.9733333333329028
1195.0,0.8185654008484562,0.9733333333329028
1196.0,0.8185654008484562,0.9733333333329028
1197.0,0.8185654008484562,0.9733333333329028
1198.0,0.8185654008484562,0.9733333333329028
1199.0,0.8185654008484562,0.9733333333329028
1200.0,0.8185654008484562,0.9733333333329028
1201.0,0.8185654008484562,0.9733333333329028
1202.0,0.8185654008484562,0.9733333333329028
1203.0,0.8185654008484562,0.9733333333329028
1204.0,0.8185654008484562,0.974545454545023
1205.0,0.8185654008484562,0.974545454545023
1206.0,0.8185654008484562,0.974545454545023
1207.0,0.8185654008484562,0.974545454545023
1208.0,0.8185654008484562,0.974545454545023
1209.0,0.8185654008484562,0.974545454545023
1210.0,0.8185654008484562,0.974545454545023
1211.0,0.8185654008484562,0.974545454545023
1212.0,0.8227848101196287,0.974545454545023
1213.0,0.8227848101196287,0.974545454545023
1214.0,0.8227848101196287,0.974545454545023
1215.0,0.8227848101196287,0.974545454545023
1216.0,0.8227848101196287,0.974545454545023
1217.0,0.8227848101196287,0.974545454545023
1218.0,0.8227848101196287,0.974545454545023
1219.0,0.8227848101196287,0.974545454545023
1220.0,0.8227848101196287,0.974545454545023
1221.0,0.8227848101196287,0.974545454545023
1222.0,0.8227848101196287,0.974545454545023
1223.0,0.8227848101196287,0.974545454545023
1224.0,0.8227848101196287,0.974545454545023
1225.0,0.8227848101196287,0.974545454545023
1226.0,0.8227848101196287,0.974545454545023
1227.0,0.8227848101196287,0.974545454545023
1228.0,0.8227848101196287,0.974545454545023
1229.0,0.8227848101196287,0.974545454545023
1230.0,0.8227848101196287,0.974545454545023
1231.0,0.827004219423543,0.974545454545023
1232.0,0.827004219423543,0.974545454545023
1233.0,0.827004219423543,0.974545454545023
1234.0,0.827004219423543,0.974545454545023
1235.0,0.827004219423543,0.974545454545023
1236.0,0.827004219423543,0.974545454545023
1237.0,0.827004219423543,0.974545454545023
1238.0,0.827004219423543,0.974545454545023
1239.0,0.827004219423543,0.974545454545023
1240.0,0.827004219423543,0.9757575757571431
1241.0,0.827004219423543,0.9757575757571431
1242.0,0.827004219423543,0.9757575757571431
1243.0,0.827004219423543,0.9757575757571431
1244.0,0.827004219423543,0.9757575757571431
1245.0,0.827004219423543,0.9757575757571431
1246.0,0.827004219423543,0.9757575757571431
1247.0,0.827004219423543,0.9757575757571431
1248.0,0.827004219423543,0.9757575757571431
1249.0,0.8312236286947154,0.9757575757571431
1250.0,0.8312236286947154,0.9757575757571431
1251.0,0.8312236286947154,0.9757575757571431
1252.0,0.8312236286947154,0.9757575757571431
1253.0,0.8312236286947154,0.9757575757571431
1254.0,0.8312236286947154,0.9757575757571431
1255.0,0.8312236286947154,0.9757575757571431
1256.0,0.8312236286947154,0.9757575757571431
1257.0,0.8312236286947154,0.9757575757571431
1258.0,0.8312236286947154,0.9757575757571431
1259.0,0.8312236286947154,0.9757575757571431
1260.0,0.8312236286947154,0.9757575757571431
1261.0,0.8312236286947154,0.9757575757571431
1262.0,0.8312236286947154,0.9757575757571431
1263.0,0.8312236286947154,0.9757575757571431
1264.0,0.8312236286947154,0.9757575757571431
1265.0,0.8312236286947154,0.9757575757571431
1266.0,0.8312236286947154,0.9757575757571431
1267.0,0.8354430379768019,0.9757575757571431
1268.0,0.8354430379768019,0.9757575757571431
1269.0,0.8354430379768019,0.9757575757571431
1270.0,0.8354430379768019,0.9757575757571431
1271.0,0.8354430379768019,0.9757575757571431
1272.0,0.8354430379768019,0.9757575757571431
1273.0,0.8354430379768019,0.9757575757571431
1274.0,0.8354430379768019,0.9757575757571431
1275.0,0.8354430379768019,0.9757575757571431
1276.0,0.8354430379768019,0.9757575757571431
1277.0,0.8354430379768019,0.9769696969697179
1278.0,0.8354430379768019,0.9769696969697179
1279.0,0.8354430379768019,0.9769696969697179
1280.0,0.8354430379768019,0.9769696969697179
1281.0,0.8354430379768019,0.9769696969697179
1282.0,0.8354430379768019,0.9769696969697179
1283.0,0.8354430379768019,0.9769696969697179
1284.0,0.8354430379768019,0.9769696969697179
1285.0,0.8396624472516123,0.9769696969697179
1286.0,0.8396624472516123,0.9769696969697179
1287.0,0.8396624472516123,0.9769696969697179
1288.0,0.8396624472516123,0.9769696969697179
1289.0,0.8396624472516123,0.9769696969697179
1290.0,0.8396624472516123,0.9769696969697179
1291.0,0.8396624472516123,0.9769696969697179
1292.0,0.8396624472516123,0.9769696969697179
1293.0,0.8396624472516123,0.9769696969697179
1294.0,0.8396624472516123,0.9769696969697179
1295.0,0.8396624472516123,0.9769696969697179
1296.0,0.8396624472516123,0.9769696969697179
1297.0,0.8396624472516123,0.9769696969697179
1298.0,0.8396624472516123,0.9769696969697179
1299.0,0.8396624472516123,0.9769696969697179
1300.0,0.8396624472516123,0.9769696969697179
1301.0,0.8396624472516123,0.9769696969697179
1302.0,0.8396624472516123,0.9769696969697179
1303.0,0.8396624472516123,0.9769696969697179
1304.0,0.8438818565409747,0.9769696969697179
1305.0,0.8438818565409747,0.9769696969697179
1306.0,0.8438818565409747,0.9769696969697179
1307.0,0.8438818565409747,0.9769696969697179
1308.0,0.8438818565409747,0.9769696969697179
1309.0,0.8438818565409747,0.9769696969697179
1310.0,0.8438818565409747,0.9769696969697179
1311.0,0.8438818565409747,0.9769696969697179
1312.0,0.8438818565409747,0.9769696969697179
1313.0,0.8438818565409747,0.9769696969697179
1314.0,0.8438818565409747,0.9781818181813833
1315.0,0.8438818565409747,0.9781818181813833
1316.0,0.8438818565409747,0.9781818181813833
1317.0,0.8438818565409747,0.9781818181813833
1318.0,0.8438818565409747,0.9781818181813833
1319.0,0.8438818565409747,0.9781818181813833
1320.0,0.8438818565409747,0.9781818181813833
1321.0,0.8438818565409747,0.9781818181813833
1322.0,0.848101265837613,0.9781818181813833
1323.0,0.848101265837613,0.9781818181813833
1324.0,0.848101265837613,0.9781818181813833
1325.0,0.848101265837613,0.9781818181813833
1326.0,0.848101265837613,0.9781818181813833
1327.0,0.848101265837613,0.9781818181813833
1328.0,0.848101265837613,0.9781818181813833
1329.0,0.848101265837613,0.9781818181813833
1330.0,0.848101265837613,0.9781818181813833
1331.0,0.848101265837613,0.9781818181813833
1332.0,0.848101265837613,0.9781818181813833
1333.0,0.848101265837613,0.9781818181813833
1334.0,0.848101265837613,0.9781818181813833
1335.0,0.848101265837613,0.9781818181813833
1336.0,0.848101265837613,0.9781818181813833
1337.0,0.848101265837613,0.9781818181813833
1338.0,0.848101265837613,0.9781818181813833
1339.0,0.848101265837613,0.9781818181813833
1340.0,0.848101265837613,0.9781818181813833
1341.0,0.8523206751087855,0.9781818181813833
1342.0,0.8523206751087855,0.9781818181813833
1343.0,0.8523206751087855,0.9781818181813833
1344.0,0.8523206751087855,0.9781818181813833
1345.0,0.8523206751087855,0.9781818181813833
1346.0,0.8523206751087855,0.9781818181813833
1347.0,0.8523206751087855,0.9781818181813833
1348.0,0.8523206751087855,0.9781818181813833
1349.0,0.8523206751087855,0.9781818181813833
1350.0,0.8523206751087855,0.9793939393935034
1351.0,0.8523206751087855,0.9793939393935034
1352.0,0.8523206751087855,0.9793939393935034
1353.0,0.8523206751087855,0.9793939393935034
1354.0,0.8523206751087855,0.9793939393935034
1355.0,0.8523206751087855,0.9793939393935034
1356.0,0.8523206751087855,0.9793939393935034
1357.0,0.8523206751087855,0.9793939393935034
1358.0,0.8523206751087855,0.9793939393935034
1359.0,0.8565400843908719,0.9793939393935034
1360.0,0.8565400843908719,0.9793939393935034
1361.0,0.8565400843908719,0.9793939393935034
1362.0,0.8565400843908719,0.9793939393935034
1363.0,0.8565400843908719,0.9793939393935034
1364.0,0.8565400843908719,0.9793939393935034
1365.0,0.8565400843908719,0.9793939393935034
1366.0,0.8565400843908719,0.9793939393935034
1367.0,0.8565400843908719,0.9793939393935034
1368.0,0.8565400843908719,0.9793939393935034
1369.0,0.8565400843908719,0.9793939393935034
1370.0,0.8565400843908719,0.9793939393935034
1371.0,0.8565400843908719,0.9793939393935034
1372.0,0.8565400843908719,0.9793939393935034
1373.0,0.8565400843908719,0.9793939393935034
1374.0,0.8565400843908719,0.9793939393935034
1375.0,0.8565400843908719,0.9793939393935034
1376.0,0.8565400843908719,0.9793939393935034
1377.0,0.8607594936656824,0.9793939393935034
1378.0,0.8607594936656824,0.9793939393935034
1379.0,0.8607594936656824,0.9793939393935034
1380.0,0.8607594936656824,0.9793939393935034
1381.0,0.8607594936656824,0.9793939393935034
1382.0,0.8607594936656824,0.9793939393935034
1383.0,0.8607594936656824,0.9793939393935034
1384.0,0.8607594936656824,0.9793939393935034
1385.0,0.8607594936656824,0.9793939393935034
1386.0,0.8607594936656824,0.9806060606056235
1387.0,0.8607594936656824,0.9806060606056235
1388.0,0.8607594936656824,0.9806060606056235
1389.0,0.8607594936656824,0.9806060606056235
1390.0,0.8607594936656824,0.9806060606056235
1391.0,0.8607594936656824,0.9806060606056235
1392.0,0.8607594936656824,0.9806060606056235
1393.0,0.8607594936656824,0.9806060606056235
1394.0,0.8607594936656824,0.9806060606056235
1395.0,0.8649789029550448,0.9806060606056235
1396.0,0.8649789029550448,0.9806060606056235
1397.0,0.8649789029550448,0.9806060606056235
1398.0,0.8649789029550448,0.9806060606056235
1399.0,0.8649789029550448,0.9806060606056235
1400.0,0.8649789029550448,0.9806060606056235
1401.0,0.8649789029550448,0.9806060606056235
1402.0,0.8649789029550448,0.9806060606056235
1403.0,0.8649789029550448,0.9806060606056235
1404.0,0.8649789029550448,0.9806060606056235
1405.0,0.8649789029550448,0.9806060606056235
1406.0,0.8649789029550448,0.9806060606056235
1407.0,0.8649789029550448,0.9806060606056235
1408.0,0.8649789029550448,0.9806060606056235
1409.0,0.8649789029550448,0.9806060606056235
1410.0,0.8649789029550448,0.9806060606056235
1411.0,0.8649789029550448,0.9806060606056235
1412.0,0.8649789029550448,0.9806060606056235
1413.0,0.8649789029550448,0.9806060606056235
1414.0,0.8691983122371312,0.9806060606056235
1415.0,0.8691983122371312,0.9806060606056235
1416.0,0.8691983122371312,0.9806060606056235
1417.0,0.8691983122371312,0.9806060606056235
1418.0,0.8691983122371312,0.9806060606056235
1419.0,0.8691983122371312,0.9806060606056235
1420.0,0.8691983122371312,0.9806060606056235
1421.0,0.8691983122371312,0.9806060606056235
1422.0,0.8691983122371312,0.9806060606056235
1423.0,0.8691983122371312,0.9818181818177436
1424.0,0.8691983122371312,0.9818181818177436
1425.0,0.8691983122371312,0.9818181818177436
1426.0,0.8691983122371312,0.9818181818177436
1427.0,0.8691983122371312,0.9818181818177436
1428.0,0.8691983122371312,0.9818181818177436
1429.0,0.8691983122371312,0.9818181818177436
1430.0,0.8691983122371312,0.9818181818177436
1431.0,0.8691983122371312,0.9818181818177436
1432.0,0.8734177215228556,0.9818181818177436
1433.0,0.8734177215228556,0.9818181818177436
1434.0,0.8734177215228556,0.9818181818177436
1435.0,0.8734177215228556,0.9818181818177436
1436.0,0.8734177215228556,0.9818181818177436
1437.0,0.8734177215228556,0.9818181818177436
1438.0,0.8734177215228556,0.9818181818177436
1439.0,0.8734177215228556,0.9818181818177436
1440.0,0.8734177215228556,0.9818181818177436
1441.0,0.8734177215228556,0.9818181818177436
1442.0,0.8734177215228556,0.9818181818177436
1443.0,0.8734177215228556,0.9818181818177436
1444.0,0.8734177215228556,0.9818181818177436
1445.0,0.8734177215228556,0.9818181818177436
1446.0,0.8734177215228556,0.9818181818177436
1447.0,0.8734177215228556,0.9818181818177436
1448.0,0.8734177215228556,0.9818181818177436
1449.0,0.8734177215228556,0.9818181818177436
1450.0,0.877637130804942,0.9818181818177436
1451.0,0.877637130804942,0.9818181818177436
1452.0,0.877637130804942,0.9818181818177436
1453.0,0.877637130804942,0.9818181818177436
1454.0,0.877637130804942,0.9818181818177436
1455.0,0.877637130804942,0.9818181818177436
1456.0,0.877637130804942,0.9818181818177436
1457.0,0.877637130804942,0.9818181818177436
1458.0,0.877637130804942,0.9818181818177436
1459.0,0.877637130804942,0.9830303030298637
1460.0,0.877637130804942,0.9830303030298637
1461.0,0.877637130804942,0.9830303030298637
1462.0,0.877637130804942,0.9830303030298637
1463.0,0.877637130804942,0.9830303030298637
1464.0,0.877637130804942,0.9830303030298637
1465.0,0.877637130804942,0.9830303030298637
1466.0,0.877637130804942,0.9830303030298637
1467.0,0.877637130804942,0.9830303030298637
1468.0,0.877637130804942,0.9830303030298637
1469.0,0.8818565400833904,0.9830303030298637
1470.0,0.8818565400833904,0.9830303030298637
1471.0,0.8818565400833904,0.9830303030298637
1472.0,0.8818565400833904,0.9830303030298637
1473.0,0.8818565400833904,0.9830303030298637
1474.0,0.8818565400833904,0.9830303030298637
1475.0,0.8818565400833904,0.9830303030298637
1476.0,0.8818565400833904,0.9830303030298637
1477.0,0.8818565400833904,0.9830303030298637
1478.0,0.8818565400833904,0.9830303030298637
1479.0,0.8818565400833904,0.9830303030298637
1480.0,0.8818565400833904,0.9830303030298637
1481.0,0.8818565400833904,0.9830303030298637
1482.0,0.8818565400833904,0.9830303030298637
1483.0,0.8818565400833904,0.9830303030298637
1484.0,0.8818565400833904,0.9830303030298637
1485.0,0.8818565400833904,0.9830303030298637
1486.0,0.8818565400833904,0.9830303030298637
1487.0,0.8860759493691148,0.9830303030298637
1488.0,0.8860759493691148,0.9830303030298637
1489.0,0.8860759493691148,0.9830303030298637
1490.0,0.8860759493691148,0.9830303030298637
1491.0,0.8860759493691148,0.9830303030298637
1492.0,0.8860759493691148,0.9830303030298637
1493.0,0.8860759493691148,0.9830303030298637
1494.0,0.8860759493691148,0.9830303030298637
1495.0,0.8860759493691148,0.9842424242419838
1496.0,0.8860759493691148,0.9842424242419838
1497.0,0.8860759493691148,0.9842424242419838
1498.0,0.8860759493691148,0.9842424242419838
1499.0,0.8860759493691148,0.9842424242419838
1500.0,0.8860759493691148,0.9842424242419838
1501.0,0.8860759493691148,0.9842424242419838
1502.0,0.8860759493691148,0.9842424242419838
1503.0,0.8860759493691148,0.9842424242419838
1504.0,0.8860759493691148,0.9842424242419838
1505.0,0.8902953586512012,0.9842424242419838
1506.0,0.8902953586512012,0.9842424242419838
1507.0,0.8902953586512012,0.9842424242419838
1508.0,0.8902953586512012,0.9842424242419838
1509.0,0.8902953586512012,0.9842424242419838
1510.0,0.8902953586512012,0.9842424242419838
1511.0,0.8902953586512012,0.9842424242419838
1512.0,0.8902953586512012,0.9842424242419838
1513.0,0.8902953586512012,0.9842424242419838
1514.0,0.8902953586512012,0.9842424242419838
1515.0,0.8902953586512012,0.9842424242419838
1516.0,0.8902953586512012,0.9842424242419838
1517.0,0.8902953586512012,0.9842424242419838
1518.0,0.8902953586512012,0.9842424242419838
1519.0,0.8902953586512012,0.9842424242419838
1520.0,0.8902953586512012,0.9842424242419838
1521.0,0.8902953586512012,0.9842424242419838
1522.0,0.8902953586512012,0.9842424242419838
1523.0,0.8945147679369256,0.9842424242419838
1524.0,0.8945147679369256,0.9842424242419838
1525.0,0.8945147679369256,0.9842424242419838
1526.0,0.8945147679369256,0.9842424242419838
1527.0,0.8945147679369256,0.9842424242419838
1528.0,0.8945147679369256,0.9842424242419838
1529.0,0.8945147679369256,0.9842424242419838
1530.0,0.8945147679369256,0.9842424242419838
1531.0,0.8945147679369256,0.9854545454541039
1532.0,0.8945147679369256,0.9854545454541039
1533.0,0.8945147679369256,0.9854545454541039
1534.0,0.8945147679369256,0.9854545454541039
1535.0,0.8945147679369256,0.9854545454541039
1536.0,0.8945147679369256,0.9854545454541039
1537.0,0.8945147679369256,0.9854545454541039
1538.0,0.8945147679369256,0.9854545454541039
1539.0,0.8945147679369256,0.9854545454541039
1540.0,0.8945147679369256,0.9854545454541039
1541.0,0.8945147679369256,0.9854545454541039
1542.0,0.898734177219012,0.9854545454541039
1543.0,0.898734177219012,0.9854545454541039
1544.0,0.898734177219012,0.9854545454541039
1545.0,0.898734177219012,0.9854545454541039
1546.0,0.898734177219012,0.9854545454541039
1547.0,0.898734177219012,0.9854545454541039
1548.0,0.898734177219012,0.9854545454541039
1549.0,0.898734177219012,0.9854545454541039
1550.0,0.898734177219012,0.9854545454541039
1551.0,0.898734177219012,0.9854545454541039
1552.0,0.898734177219012,0.9854545454541039
1553.0,0.898734177219012,0.9854545454541039
1554.0,0.898734177219012,0.9854545454541039
1555.0,0.898734177219012,0.9854545454541039
1556.0,0.898734177219012,0.9854545454541039
1557.0,0.898734177219012,0.9854545454541039
1558.0,0.898734177219012,0.9854545454541039
1559.0,0.898734177219012,0.9854545454541039
1560.0,0.9029535864974605,0.9854545454541039
1561.0,0.9029535864974605,0.9854545454541039
1562.0,0.9029535864974605,0.9854545454541039
1563.0,0.9029535864974605,0.9854545454541039
1564.0,0.9029535864974605,0.9854545454541039
1565.0,0.9029535864974605,0.9854545454541039
1566.0,0.9029535864974605,0.9854545454541039
1567.0,0.9029535864974605,0.9854545454541039
1568.0,0.9029535864974605,0.986666666666224
1569.0,0.9029535864974605,0.986666666666224
1570.0,0.9029535864974605,0.986666666666224
1571.0,0.9029535864974605,0.986666666666224
1572.0,0.9029535864974605,0.986666666666224
1573.0,0.9029535864974605,0.986666666666224
1574.0,0.9029535864974605,0.986666666666224
1575.0,0.9029535864974605,0.986666666666224
1576.0,0.9029535864974605,0.986666666666224
1577.0,0.9029535864974605,0.986666666666224
1578.0,0.9029535864974605,0.986666666666224
1579.0,0.9071729957831849,0.986666666666224
1580.0,0.9071729957831849,0.986666666666224
1581.0,0.9071729957831849,0.986666666666224
1582.0,0.9071729957831849,0.986666666666224
1583.0,0.9071729957831849,0.986666666666224
1584.0,0.9071729957831849,0.986666666666224
1585.0,0.9071729957831849,0.986666666666224
1586.0,0.9071729957831849,0.986666666666224
1587.0,0.9071729957831849,0.986666666666224
1588.0,0.9071729957831849,0.986666666666224
1589.0,0.9071729957831849,0.986666666666224
1590.0,0.9071729957831849,0.986666666666224
1591.0,0.9071729957831849,0.986666666666224
1592.0,0.9071729957831849,0.986666666666224
1593.0,0.9071729957831849,0.986666666666224
1594.0,0.9071729957831849,0.986666666666224
1595.0,0.9071729957831849,0.986666666666224
1596.0,0.9071729957831849,0.986666666666224
1597.0,0.9113924050652713,0.986666666666224
1598.0,0.9113924050652713,0.986666666666224
1599.0,0.9113924050652713,0.986666666666224
1600.0,0.9113924050652713,0.986666666666224
1601.0,0.9113924050652713,0.986666666666224
1602.0,0.9113924050652713,0.986666666666224
1603.0,0.9113924050652713,0.986666666666224
1604.0,0.9113924050652713,0.9878787878783442
1605.0,0.9113924050652713,0.9878787878783442
1606.0,0.9113924050652713,0.9878787878783442
1607.0,0.9113924050652713,0.9878787878783442
1608.0,0.9113924050652713,0.9878787878783442
1609.0,0.9113924050652713,0.9878787878783442
1610.0,0.9113924050652713,0.9878787878783442
1611.0,0.9113924050652713,0.9878787878783442
1612.0,0.9113924050652713,0.9878787878783442
1613.0,0.9113924050652713,0.9878787878783442
1614.0,0.9113924050652713,0.9878787878783442
1615.0,0.9156118143509957,0.9878787878783442
1616.0,0.9156118143509957,0.9878787878783442
1617.0,0.9156118143509957,0.9878787878783442
1618.0,0.9156118143509957,0.9878787878783442
1619.0,0.9156118143509957,0.9878787878783442
1620.0,0.9156118143509957,0.9878787878783442
1621.0,0.9156118143509957,0.9878787878783442
1622.0,0.9156118143509957,0.9878787878783442
1623.0,0.9156118143509957,0.9878787878783442
1624.0,0.9156118143509957,0.9878787878783442
1625.0,0.9156118143509957,0.9878787878783442
1626.0,0.9156118143509957,0.9878787878783442
1627.0,0.9156118143509957,0.9878787878783442
1628.0,0.9156118143509957,0.9878787878783442
1629.0,0.9156118143509957,0.9878787878783442
1630.0,0.9156118143509957,0.9878787878783442
1631.0,0.9156118143509957,0.9878787878783442
1632.0,0.9156118143509957,0.9878787878783442
1633.0,0.9198312236294441,0.9878787878783442
1634.0,0.9198312236294441,0.9878787878783442
1635.0,0.9198312236294441,0.9878787878783442
1636.0,0.9198312236294441,0.9878787878783442
1637.0,0.9198312236294441,0.9878787878783442
1638.0,0.9198312236294441,0.9878787878783442
1639.0,0.9198312236294441,0.9878787878783442
1640.0,0.9198312236294441,0.9878787878783442
1641.0,0.9198312236294441,0.989090909090919
1642.0,0.9198312236294441,0.989090909090919
1643.0,0.9198312236294441,0.989090909090919
1644.0,0.9198312236294441,0.989090909090919
1645.0,0.9198312236294441,0.989090909090919
1646.0,0.9198312236294441,0.989090909090919
1647.0,0.9198312236294441,0.989090909090919
1648.0,0.9198312236294441,0.989090909090919
1649.0,0.9198312236294441,0.989090909090919
1650.0,0.9198312236294441,0.989090909090919
1651.0,0.9198312236294441,0.989090909090919
1652.0,0.9240506329115306,0.989090909090919
1653.0,0.9240506329115306,0.989090909090919
1654.0,0.9240506329115306,0.989090909090919
1655.0,0.9240506329115306,0.989090909090919
1656.0,0.9240506329115306,0.989090909090919
1657.0,0.9240506329115306,0.989090909090919
1658.0,0.9240506329115306,0.989090909090919
1659.0,0.9240506329115306,0.989090909090919
1660.0,0.9240506329115306,0.989090909090919
1661.0,0.9240506329115306,0.989090909090919
1662.0,0.9240506329115306,0.989090909090919
1663.0,0.9240506329115306,0.989090909090919
1664.0,0.9240506329115306,0.989090909090919
1665.0,0.9240506329115306,0.989090909090919
1666.0,0.9240506329115306,0.989090909090919
1667.0,0.9240506329115306,0.989090909090919
1668.0,0.9240506329115306,0.989090909090919
1669.0,0.9240506329115306,0.989090909090919
1670.0,0.928270042197255,0.989090909090919
1671.0,0.928270042197255,0.989090909090919
1672.0,0.928270042197255,0.989090909090919
1673.0,0.928270042197255,0.989090909090919
1674.0,0.928270042197255,0.989090909090919
1675.0,0.928270042197255,0.989090909090919
1676.0,0.928270042197255,0.989090909090919
1677.0,0.928270042197255,0.9903030303025844
1678.0,0.928270042197255,0.9903030303025844
1679.0,0.928270042197255,0.9903030303025844
1680.0,0.928270042197255,0.9903030303025844
1681.0,0.928270042197255,0.9903030303025844
1682.0,0.928270042197255,0.9903030303025844
1683.0,0.928270042197255,0.9903030303025844
1684.0,0.928270042197255,0.9903030303025844
1685.0,0.928270042197255,0.9903030303025844
1686.0,0.928270042197255,0.9903030303025844
1687.0,0.928270042197255,0.9903030303025844
1688.0,0.9324894514793414,0.9903030303025844
1689.0,0.9324894514793414,0.9903030303025844
1690.0,0.9324894514793414,0.9903030303025844
1691.0,0.9324894514793414,0.9903030303025844
1692.0,0.9324894514793414,0.9903030303025844
1693.0,0.9324894514793414,0.9903030303025844
1694.0,0.9324894514793414,0.9903030303025844
1695.0,0.9324894514793414,0.9903030303025844
1696.0,0.9324894514793414,0.9903030303025844
1697.0,0.9324894514793414,0.9903030303025844
1698.0,0.9324894514793414,0.9903030303025844
1699.0,0.9324894514793414,0.9903030303025844
1700.0,0.9324894514793414,0.9903030303025844
1701.0,0.9324894514793414,0.9903030303025844
1702.0,0.9324894514793414,0.9903030303025844
1703.0,0.9324894514793414,0.9903030303025844
1704.0,0.9324894514793414,0.9903030303025844
1705.0,0.9324894514793414,0.9903030303025844
1706.0,0.9367088607650658,0.9903030303025844
1707.0,0.9367088607650658,0.9903030303025844
1708.0,0.9367088607650658,0.9903030303025844
1709.0,0.9367088607650658,0.9903030303025844
1710.0,0.9367088607650658,0.9903030303025844
1711.0,0.9367088607650658,0.9903030303025844
1712.0,0.9367088607650658,0.9903030303025844
1713.0,0.9367088607650658,0.9915151515147045
1714.0,0.9367088607650658,0.9915151515147045
1715.0,0.9367088607650658,0.9915151515147045
1716.0,0.9367088607650658,0.9915151515147045
1717.0,0.9367088607650658,0.9915151515147045
1718.0,0.9367088607650658,0.9915151515147045
1719.0,0.9367088607650658,0.9915151515147045
1720.0,0.9367088607650658,0.9915151515147045
1721.0,0.9367088607650658,0.9915151515147045
1722.0,0.9367088607650658,0.9915151515147045
1723.0,0.9367088607650658,0.9915151515147045
1724.0,0.9367088607650658,0.9915151515147045
1725.0,0.9409282700435142,0.9915151515147045
1726.0,0.9409282700435142,0.9915151515147045
1727.0,0.9409282700435142,0.9915151515147045
1728.0,0.9409282700435142,0.9915151515147045
1729.0,0.9409282700435142,0.9915151515147045
1730.0,0.9409282700435142,0.9915151515147045
1731.0,0.9409282700435142,0.9915151515147045
1732.0,0.9409282700435142,0.9915151515147045
1733.0,0.9409282700435142,0.9915151515147045
1734.0,0.9409282700435142,0.9915151515147045
1735.0,0.9409282700435142,0.9915151515147045
1736.0,0.9409282700435142,0.9915151515147045
1737.0,0.9409282700435142,0.9915151515147045
1738.0,0.9409282700435142,0.9915151515147045
1739.0,0.9409282700435142,0.9915151515147045
1740.0,0.9409282700435142,0.9915151515147045
1741.0,0.9409282700435142,0.9915151515147045
1742.0,0.9409282700435142,0.9915151515147045
1743.0,0.9451476793256006,0.9915151515147045
1744.0,0.9451476793256006,0.9915151515147045
1745.0,0.9451476793256006,0.9915151515147045
1746.0,0.9451476793256006,0.9915151515147045
1747.0,0.9451476793256006,0.9915151515147045
1748.0,0.9451476793256006,0.9915151515147045
1749.0,0.9451476793256006,0.9915151515147045
1750.0,0.9451476793256006,0.9927272727268246
1751.0,0.9451476793256006,0.9927272727268246
1752.0,0.9451476793256006,0.9927272727268246
1753.0,0.9451476793256006,0.9927272727268246
1754.0,0.9451476793256006,0.9927272727268246
1755.0,0.9451476793256006,0.9927272727268246
1756.0,0.9451476793256006,0.9927272727268246
1757.0,0.9451476793256006,0.9927272727268246
1758.0,0.9451476793256006,0.9927272727268246
1759.0,0.9451476793256006,0.9927272727268246
1760.0,0.9451476793256006,0.9927272727268246
1761.0,0.949367088611325,0.9927272727268246
1762.0,0.949367088611325,0.9927272727268246
1763.0,0.949367088611325,0.9927272727268246
1764.0,0.949367088611325,0.9927272727268246
1765.0,0.949367088611325,0.9927272727268246
1766.0,0.949367088611325,0.9927272727268246
1767.0,0.949367088611325,0.9927272727268246
1768.0,0.949367088611325,0.9927272727268246
1769.0,0.949367088611325,0.9927272727268246
1770.0,0.949367088611325,0.9927272727268246
1771.0,0.949367088611325,0.9927272727268246
1772.0,0.949367088611325,0.9927272727268246
1773.0,0.949367088611325,0.9927272727268246
1774.0,0.949367088611325,0.9927272727268246
1775.0,0.949367088611325,0.9927272727268246
1776.0,0.949367088611325,0.9927272727268246
1777.0,0.949367088611325,0.9927272727268246
1778.0,0.949367088611325,0.9927272727268246
1779.0,0.949367088611325,0.9927272727268246
1780.0,0.9535864978970494,0.9927272727268246
1781.0,0.9535864978970494,0.9927272727268246
1782.0,0.9535864978970494,0.9927272727268246
1783.0,0.9535864978970494,0.9927272727268246
1784.0,0.9535864978970494,0.9927272727268246
1785.0,0.9535864978970494,0.9927272727268246
1786.0,0.9535864978970494,0.9939393939389447
1787.0,0.9535864978970494,0.9939393939389447
1788.0,0.9535864978970494,0.9939393939389447
1789.0,0.9535864978970494,0.9939393939389447
1790.0,0.9535864978970494,0.9939393939389447
1791.0,0.9535864978970494,0.9939393939389447
1792.0,0.9535864978970494,0.9939393939389447
1793.0,0.9535864978970494,0.9939393939389447
1794.0,0.9535864978970494,0.9939393939389447
1795.0,0.9535864978970494,0.9939393939389447
1796.0,0.9535864978970494,0.9939393939389447
1797.0,0.9535864978970494,0.9939393939389447
1798.0,0.9578059071864118,0.9939393939389447
1799.0,0.9578059071864118,0.9939393939389447
1800.0,0.9578059071864118,0.9939393939389447
1801.0,0.9578059071864118,0.9939393939389447
1802.0,0.9578059071864118,0.9939393939389447
1803.0,0.9578059071864118,0.9939393939389447
1804.0,0.9578059071864118,0.9939393939389447
1805.0,0.9578059071864118,0.9939393939389447
1806.0,0.9578059071864118,0.9939393939389447
1807.0,0.9578059071864118,0.9939393939389447
1808.0,0.9578059071864118,0.9939393939389447
1809.0,0.9578059071864118,0.9939393939389447
1810.0,0.9578059071864118,0.9939393939389447
1811.0,0.9578059071864118,0.9939393939389447
1812.0,0.9578059071864118,0.9939393939389447
1813.0,0.9578059071864118,0.9939393939389447
1814.0,0.9578059071864118,0.9939393939389447
1815.0,0.9578059071864118,0.9939393939389447
1816.0,0.9578059071864118,0.9939393939389447
1817.0,0.9620253164575843,0.9939393939389447
1818.0,0.9620253164575843,0.9939393939389447
1819.0,0.9620253164575843,0.9939393939389447
1820.0,0.9620253164575843,0.9939393939389447
1821.0,0.9620253164575843,0.9939393939389447
1822.0,0.9620253164575843,0.9951515151510648
1823.0,0.9620253164575843,0.9951515151510648
1824.0,0.9620253164575843,0.9951515151510648
1825.0,0.9620253164575843,0.9951515151510648
1826.0,0.9620253164575843,0.9951515151510648
1827.0,0.9620253164575843,0.9951515151510648
1828.0,0.9620253164575843,0.9951515151510648
1829.0,0.9620253164575843,0.9951515151510648
1830.0,0.9620253164575843,0.9951515151510648
1831.0,0.9620253164575843,0.9951515151510648
1832.0,0.9620253164575843,0.9951515151510648
1833.0,0.9620253164575843,0.9951515151510648
1834.0,0.9620253164575843,0.9951515151510648
1835.0,0.9662447257396707,0.9951515151510648
1836.0,0.9662447257396707,0.9951515151510648
1837.0,0.9662447257396707,0.9951515151510648
1838.0,0.9662447257396707,0.9951515151510648
1839.0,0.9662447257396707,0.9951515151510648
1840.0,0.9662447257396707,0.9951515151510648
1841.0,0.9662447257396707,0.9951515151510648
1842.0,0.9662447257396707,0.9951515151510648
1843.0,0.9662447257396707,0.9951515151510648
1844.0,0.9662447257396707,0.9951515151510648
1845.0,0.9662447257396707,0.9951515151510648
1846.0,0.9662447257396707,0.9951515151510648
1847.0,0.9662447257396707,0.9951515151510648
1848.0,0.9662447257396707,0.9951515151510648
1849.0,0.9662447257396707,0.9951515151510648
1850.0,0.9662447257396707,0.9951515151510648
1851.0,0.9662447257396707,0.9951515151510648
1852.0,0.9662447257396707,0.9951515151510648
1853.0,0.9704641350144811,0.9951515151510648
1854.0,0.9704641350144811,0.9951515151510648
1855.0,0.9704641350144811,0.9951515151510648
1856.0,0.9704641350144811,0.9951515151510648
1857.0,0.9704641350144811,0.9951515151510648
1858.0,0.9704641350144811,0.9963636363631849
1859.0,0.9704641350144811,0.9963636363631849
1860.0,0.9704641350144811,0.9963636363631849
1861.0,0.9704641350144811,0.9963636363631849
1862.0,0.9704641350144811,0.9963636363631849
1863.0,0.9704641350144811,0.9963636363631849
1864.0,0.9704641350144811,0.9963636363631849
1865.0,0.9704641350144811,0.9963636363631849
1866.0,0.9704641350144811,0.9963636363631849
1867.0,0.9704641350144811,0.9963636363631849
1868.0,0.9704641350144811,0.9963636363631849
1869.0,0.9704641350144811,0.9963636363631849
1870.0,0.9704641350144811,0.9963636363631849
1871.0,0.9746835443147575,0.9963636363631849
1872.0,0.9746835443147575,0.9963636363631849
1873.0,0.9746835443147575,0.9963636363631849
1874.0,0.9746835443147575,0.9963636363631849
1875.0,0.9746835443147575,0.9963636363631849
1876.0,0.9746835443147575,0.9963636363631849
1877.0,0.9746835443147575,0.9963636363631849
1878.0,0.9746835443147575,0.9963636363631849
1879.0,0.9746835443147575,0.9963636363631849
1880.0,0.9746835443147575,0.9963636363631849
1881.0,0.9746835443147575,0.9963636363631849
1882.0,0.9746835443147575,0.9963636363631849
1883.0,0.9746835443147575,0.9963636363631849
1884.0,0.9746835443147575,0.9963636363631849
1885.0,0.9746835443147575,0.9963636363631849
1886.0,0.9746835443147575,0.9963636363631849
1887.0,0.9746835443147575,0.9963636363631849
1888.0,0.9746835443147575,0.9963636363631849
1889.0,0.9746835443147575,0.9963636363631849
1890.0,0.9789029535859299,0.9963636363631849
1891.0,0.9789029535859299,0.9963636363631849
1892.0,0.9789029535859299,0.9963636363631849
1893.0,0.9789029535859299,0.9963636363631849
1894.0,0.9789029535859299,0.9963636363631849
1895.0,0.9789029535859299,0.997575757575305
1896.0,0.9789029535859299,0.997575757575305
1897.0,0.9789029535859299,0.997575757575305
1898.0,0.9789029535859299,0.997575757575305
1899.0,0.9789029535859299,0.997575757575305
1900.0,0.9789029535859299,0.997575757575305
1901.0,0.9789029535859299,0.997575757575305
1902.0,0.9789029535859299,0.997575757575305
1903.0,0.9789029535859299,0.997575757575305
1904.0,0.9789029535859299,0.997575757575305
1905.0,0.9789029535859299,0.997575757575305
1906.0,0.9789029535859299,0.997575757575305
1907.0,0.9789029535859299,0.997575757575305
1908.0,0.9831223628716543,0.997575757575305
1909.0,0.9831223628716543,0.997575757575305
1910.0,0.9831223628716543,0.997575757575305
1911.0,0.9831223628716543,0.997575757575305
1912.0,0.9831223628716543,0.997575757575305
1913.0,0.9831223628716543,0.997575757575305
1914.0,0.9831223628716543,0.997575757575305
1915.0,0.9831223628716543,0.997575757575305
1916.0,0.9831223628716543,0.997575757575305
1917.0,0.9831223628716543,0.997575757575305
1918.0,0.9831223628716543,0.997575757575305
1919.0,0.9831223628716543,0.997575757575305
1920.0,0.9831223628716543,0.997575757575305
1921.0,0.9831223628716543,0.997575757575305
1922.0,0.9831223628716543,0.997575757575305
1923.0,0.9831223628716543,0.997575757575305
1924.0,0.9831223628716543,0.997575757575305
1925.0,0.9831223628716543,0.997575757575305
1926.0,0.9873417721573787,0.997575757575305
1927.0,0.9873417721573787,0.997575757575305
1928.0,0.9873417721573787,0.997575757575305
1929.0,0.9873417721573787,0.997575757575305
1930.0,0.9873417721573787,0.997575757575305
1931.0,0.9873417721573787,0.9987878787874251
1932.0,0.9873417721573787,0.9987878787874251
1933.0,0.9873417721573787,0.9987878787874251
1934.0,0.9873417721573787,0.9987878787874251
1935.0,0.9873417721573787,0.9987878787874251
1936.0,0.9873417721573787,0.9987878787874251
1937.0,0.9873417721573787,0.9987878787874251
1938.0,0.9873417721573787,0.9987878787874251
1939.0,0.9873417721573787,0.9987878787874251
1940.0,0.9873417721573787,0.9987878787874251
1941.0,0.9873417721573787,0.9987878787874251
1942.0,0.9873417721573787,0.9987878787874251
1943.0,0.9873417721573787,0.9987878787874251
1944.0,0.9915611814285512,0.9987878787874251
1945.0,0.9915611814285512,0.9987878787874251
1946.0,0.9915611814285512,0.9987878787874251
1947.0,0.9915611814285512,0.9987878787874251
1948.0,0.9915611814285512,0.9987878787874251
1949.0,0.9915611814285512,0.9987878787874251
1950.0,0.9915611814285512,0.9987878787874251
1951.0,0.9915611814285512,0.9987878787874251
1952.0,0.9915611814285512,0.9987878787874251
1953.0,0.9915611814285512,0.9987878787874251
1954.0,0.9915611814285512,0.9987878787874251
1955.0,0.9915611814285512,0.9987878787874251
1956.0,0.9915611814285512,0.9987878787874251
1957.0,0.9915611814285512,0.9987878787874251
1958.0,0.9915611814285512,0.9987878787874251
1959.0,0.9915611814285512,0.9987878787874251
1960.0,0.9915611814285512,0.9987878787874251
1961.0,0.9915611814285512,0.9987878787874251
1962.0,0.9915611814285512,0.9987878787874251
1963.0,0.9957805907288275,0.9987878787874251
1964.0,0.9957805907288275,0.9987878787874251
1965.0,0.9957805907288275,0.9987878787874251
1966.0,0.9957805907288275,0.9987878787874251
1967.0,0.9957805907288275,0.9987878787874251
1968.0,0.9957805907288275,1.0
1969.0,0.9957805907288275,1.0
1970.0,0.9957805907288275,1.0
1971.0,0.9957805907288275,1.0
1972.0,0.9957805907288275,1.0
1973.0,0.9957805907288275,1.0
1974.0,0.9957805907288275,1.0
1975.0,0.9957805907288275,1.0
1976.0,0.9957805907288275,1.0
1977.0,0.9957805907288275,1.0
1978.0,0.9957805907288275,1.0
1979.0,0.9957805907288275,1.0
1980.0,0.9957805907288275,1.0
1981.0,1.0,1.0
1982.0,1.0,1.0
1983.0,1.0,1.0
1984.0,1.0,1.0
1985.0,1.0,1.0
1986.0,1.0,1.0
1987.0,1.0,1.0
1988.0,1.0,1.0
1989.0,1.0,1.0
1990.0,1.0,1.0
1991.0,1.0,1.0
1992.0,1.0,1.0
1993.0,1.0,1.0
1994.0,1.0,1.0
1995.0,1.0,1.0
1996.0,1.0,1.0
1997.0,1.0,1.0
1998.0,1.0,1.0
1999.0,1.0,1.0
